Original Campaign,Campaign,Campaign Labels,Budgets,Negative Keyword List,Campaign Callout Asset,Campaign Sitelink Asset Text,Campaign Sitelink Asset Description 1,Campaign Sitelink Asset Description 2,Campaign Sitelink Asset Url,Campaign Price Asset Header,Campaign Price Asset Price,Campaign Price Asset Description,Campaign Price Asset Url,Campaign Call Asset Number,AdGroup,AdGroup Labels,Keywords,Negative Keywords,AdGroup Callout Asset,AdGroup Sitelink Asset Text,AdGroup Sitelink Asset Description 1,AdGroup Sitelink Asset Description 2,AdGroup Sitelink Asset Url,AdGroup Price Asset Header,AdGroup Price Asset Price,AdGroup Price Asset Description,AdGroup Price Asset Url,AdGroup Call Asset Number,RSA Headline 1,RSA Headline 2,RSA Headline 3,RSA Description 1,RSA Description 2,RSA Final Url,COA Phone,COA Final Url,COA Business Name,COA Description1,Max CPC
Testing_Campaign_1,DND_DONT_MODIFY Testing_Campaign_1,Campaign_1_Label_1,119.1346154,Campaign_1_NKWL_1,C_1_CA_1,C_1_SAT_1,C_1_SAD1_1,C_1_SAD2_1,https://www.represcribe.com,C_1_PAH_1,539.965827,C_1_PAP_1,https://www.repracticed.com,4094365695,AdGroup 1,CPN_1_AG_L_1,C_1_KW_1,C_1_NKW_1,CPN_1_AGCA_1,CPN_1_AGSAT_1,CPN_1_AGAD1_1,CPN_1_AGAD2_1,https://www.uranoscopy.com,CPN_1_AGPHA_1,416.0617679,CPN_1_AGPHD_1,https://www.shraf.com,1003978213,CPN_1_RSAH1_1,CPN_1_RSAH2_1,CPN_1_RSAH3_1,CPN_1_RSAD1_1,CPN_1_RSAD2_1,https://www.ornery.com,3599482305,https://www.taleysim.com,CPN_1_COABN_1,CPN_1_COAD1_1,499.8385445
Testing_Campaign_1,DND_DONT_MODIFY Testing_Campaign_1,Campaign_1_Label_2,119.1346154,Campaign_1_NKWL_2,C_1_CA_2,C_1_SAT_2,C_1_SAD1_2,C_1_SAD2_2,https://www.loathed.com,C_1_PAH_2,549.7321361,C_1_PAP_2,https://www.inhumate.com,3672599399,AdGroup 2,CPN_1_AG_L_2,C_1_KW_2,C_1_NKW_2,CPN_1_AGCA_2,CPN_1_AGSAT_2,CPN_1_AGAD1_2,CPN_1_AGAD2_2,https://www.decenaries.com,CPN_1_AGPHA_2,1.418948945,CPN_1_AGPHD_2,https://www.diener.com,1623581129,CPN_1_RSAH1_2,CPN_1_RSAH2_2,CPN_1_RSAH3_2,CPN_1_RSAD1_2,CPN_1_RSAD2_2,https://www.acclimatiser.com,4409464589,https://www.sackers.com,CPN_1_COABN_2,CPN_1_COAD1_2,500.7505161
Testing_Campaign_1,DND_DONT_MODIFY Testing_Campaign_1,Campaign_1_Label_3,119.1346154,Campaign_1_NKWL_3,C_1_CA_3,C_1_SAT_3,C_1_SAD1_3,C_1_SAD2_3,https://www.uroliths.com,C_1_PAH_3,151.1663639,C_1_PAP_3,https://www.unhospitable.com,6670930140,AdGroup 3,CPN_1_AG_L_3,C_1_KW_3,C_1_NKW_3,CPN_1_AGCA_3,CPN_1_AGSAT_3,CPN_1_AGAD1_3,CPN_1_AGAD2_3,https://www.baselevel.com,CPN_1_AGPHA_3,80.49460974,CPN_1_AGPHD_3,https://www.denaturise.com,2005625193,CPN_1_RSAH1_3,CPN_1_RSAH2_3,CPN_1_RSAH3_3,CPN_1_RSAD1_3,CPN_1_RSAD2_3,https://www.hammerlock.com,2973412520,https://www.caliph.com,CPN_1_COABN_3,CPN_1_COAD1_3,69.3461651
Testing_Campaign_1,DND_DONT_MODIFY Testing_Campaign_1,Campaign_1_Label_4,119.1346154,Campaign_1_NKWL_4,C_1_CA_4,C_1_SAT_4,C_1_SAD1_4,C_1_SAD2_4,https://www.nonfact.com,C_1_PAH_4,230.3064971,C_1_PAP_4,https://www.pitirri.com,5748239759,AdGroup 4,CPN_1_AG_L_4,C_1_KW_4,C_1_NKW_4,CPN_1_AGCA_4,CPN_1_AGSAT_4,CPN_1_AGAD1_4,CPN_1_AGAD2_4,https://www.suspiral.com,CPN_1_AGPHA_4,221.8607317,CPN_1_AGPHD_4,https://www.caky.com,8279112024,CPN_1_RSAH1_4,CPN_1_RSAH2_4,CPN_1_RSAH3_4,CPN_1_RSAD1_4,CPN_1_RSAD2_4,https://www.blennogenous.com,8295056489,https://www.clanning.com,CPN_1_COABN_4,CPN_1_COAD1_4,276.4093213
Testing_Campaign_1,DND_DONT_MODIFY Testing_Campaign_1,Campaign_1_Label_5,119.1346154,Campaign_1_NKWL_5,C_1_CA_5,C_1_SAT_5,C_1_SAD1_5,C_1_SAD2_5,https://www.moldiest.com,C_1_PAH_5,653.5922781,C_1_PAP_5,https://www.dermonosology.com,5696467746,AdGroup 5,CPN_1_AG_L_5,C_1_KW_5,C_1_NKW_5,CPN_1_AGCA_5,CPN_1_AGSAT_5,CPN_1_AGAD1_5,CPN_1_AGAD2_5,https://www.undissimulated.com,CPN_1_AGPHA_5,204.3983907,CPN_1_AGPHD_5,https://www.quinqueverbal.com,7818992212,CPN_1_RSAH1_5,CPN_1_RSAH2_5,CPN_1_RSAH3_5,CPN_1_RSAD1_5,CPN_1_RSAD2_5,https://www.motive.com,9327569559,https://www.trierarchal.com,CPN_1_COABN_5,CPN_1_COAD1_5,30.03346277
Testing_Campaign_1,DND_DONT_MODIFY Testing_Campaign_1,Campaign_1_Label_6,119.1346154,Campaign_1_NKWL_6,C_1_CA_6,C_1_SAT_6,C_1_SAD1_6,C_1_SAD2_6,https://www.variolar.com,C_1_PAH_6,542.9875304,C_1_PAP_6,https://www.unbaled.com,9119782693,AdGroup 6,CPN_1_AG_L_6,C_1_KW_6,C_1_NKW_6,CPN_1_AGCA_6,CPN_1_AGSAT_6,CPN_1_AGAD1_6,CPN_1_AGAD2_6,https://www.gunships.com,CPN_1_AGPHA_6,134.2205245,CPN_1_AGPHD_6,https://www.capitelliform.com,6689617924,CPN_1_RSAH1_6,CPN_1_RSAH2_6,CPN_1_RSAH3_6,CPN_1_RSAD1_6,CPN_1_RSAD2_6,https://www.frons.com,6033626829,https://www.iceleaf.com,CPN_1_COABN_6,CPN_1_COAD1_6,163.0899267
Testing_Campaign_1,DND_DONT_MODIFY Testing_Campaign_1,Campaign_1_Label_7,119.1346154,Campaign_1_NKWL_7,C_1_CA_7,C_1_SAT_7,C_1_SAD1_7,C_1_SAD2_7,https://www.mummification.com,C_1_PAH_7,378.5479368,C_1_PAP_7,https://www.nonvalent.com,1752298636,AdGroup 7,CPN_1_AG_L_7,C_1_KW_7,C_1_NKW_7,CPN_1_AGCA_7,CPN_1_AGSAT_7,CPN_1_AGAD1_7,CPN_1_AGAD2_7,https://www.astrologian.com,CPN_1_AGPHA_7,455.5785901,CPN_1_AGPHD_7,https://www.haberdasheress.com,8473207404,CPN_1_RSAH1_7,CPN_1_RSAH2_7,CPN_1_RSAH3_7,CPN_1_RSAD1_7,CPN_1_RSAD2_7,https://www.inquisite.com,6758642569,https://www.anybodies.com,CPN_1_COABN_7,CPN_1_COAD1_7,3.868428533
Testing_Campaign_1,DND_DONT_MODIFY Testing_Campaign_1,Campaign_1_Label_8,119.1346154,Campaign_1_NKWL_8,C_1_CA_8,C_1_SAT_8,C_1_SAD1_8,C_1_SAD2_8,https://www.datedly.com,C_1_PAH_8,876.1011001,C_1_PAP_8,https://www.spookdom.com,8579979204,AdGroup 8,CPN_1_AG_L_8,C_1_KW_8,C_1_NKW_8,CPN_1_AGCA_8,CPN_1_AGSAT_8,CPN_1_AGAD1_8,CPN_1_AGAD2_8,https://www.vesicants.com,CPN_1_AGPHA_8,82.02656347,CPN_1_AGPHD_8,https://www.vinylidene.com,5762262570,CPN_1_RSAH1_8,CPN_1_RSAH2_8,CPN_1_RSAH3_8,CPN_1_RSAD1_8,CPN_1_RSAD2_8,https://www.ferrate.com,8640007064,https://www.thong.com,CPN_1_COABN_8,CPN_1_COAD1_8,460.6974015
Testing_Campaign_1,DND_DONT_MODIFY Testing_Campaign_1,Campaign_1_Label_9,119.1346154,Campaign_1_NKWL_9,C_1_CA_9,C_1_SAT_9,C_1_SAD1_9,C_1_SAD2_9,https://www.footpaces.com,C_1_PAH_9,71.68900418,C_1_PAP_9,https://www.uncaste.com,4425173470,AdGroup 9,CPN_1_AG_L_9,C_1_KW_9,C_1_NKW_9,CPN_1_AGCA_9,CPN_1_AGSAT_9,CPN_1_AGAD1_9,CPN_1_AGAD2_9,https://www.naticine.com,CPN_1_AGPHA_9,120.9792666,CPN_1_AGPHD_9,https://www.burghs.com,9015604031,CPN_1_RSAH1_9,CPN_1_RSAH2_9,CPN_1_RSAH3_9,CPN_1_RSAD1_9,CPN_1_RSAD2_9,https://www.choleroid.com,3927373078,https://www.breviradiate.com,CPN_1_COABN_9,CPN_1_COAD1_9,188.1599671
Testing_Campaign_1,DND_DONT_MODIFY Testing_Campaign_1,Campaign_1_Label_10,119.1346154,Campaign_1_NKWL_10,C_1_CA_10,C_1_SAT_10,C_1_SAD1_10,C_1_SAD2_10,https://www.lapins.com,C_1_PAH_10,293.4631903,C_1_PAP_10,https://www.capreolary.com,8251923844,AdGroup 10,CPN_1_AG_L_10,C_1_KW_10,C_1_NKW_10,CPN_1_AGCA_10,CPN_1_AGSAT_10,CPN_1_AGAD1_10,CPN_1_AGAD2_10,https://www.dorad.com,CPN_1_AGPHA_10,82.20475277,CPN_1_AGPHD_10,https://www.septentrionally.com,3230995253,CPN_1_RSAH1_10,CPN_1_RSAH2_10,CPN_1_RSAH3_10,CPN_1_RSAD1_10,CPN_1_RSAD2_10,https://www.interproducing.com,1218920149,https://www.haustellated.com,CPN_1_COABN_10,CPN_1_COAD1_10,94.09946238
Testing_Campaign_2,DND_DONT_MODIFY Testing_Campaign_2,Campaign_2_Label_1,26.84765606,Campaign_2_NKWL_1,C_2_CA_1,C_2_SAT_1,C_2_SAD1_1,C_2_SAD2_1,https://www.expansionary.com,C_2_PAH_1,46.47958531,C_2_PAP_1,https://www.resinates.com,9070364493,AdGroup 1,CPN_2_AG_L_1,C_2_KW_1,C_2_NKW_1,CPN_2_AGCA_1,CPN_2_AGSAT_1,CPN_2_AGAD1_1,CPN_2_AGAD2_1,https://www.pyroballogy.com,CPN_2_AGPHA_1,187.5943924,CPN_2_AGPHD_1,https://www.forlet.com,7549396971,CPN_2_RSAH1_1,CPN_2_RSAH2_1,CPN_2_RSAH3_1,CPN_2_RSAD1_1,CPN_2_RSAD2_1,https://www.pigface.com,2708912664,https://www.ctenophore.com,CPN_2_COABN_1,CPN_2_COAD1_1,16.22036486
Testing_Campaign_2,DND_DONT_MODIFY Testing_Campaign_2,Campaign_2_Label_2,26.84765606,Campaign_2_NKWL_2,C_2_CA_2,C_2_SAT_2,C_2_SAD1_2,C_2_SAD2_2,https://www.loyd.com,C_2_PAH_2,176.2256946,C_2_PAP_2,https://www.diamyl.com,8572725612,AdGroup 2,CPN_2_AG_L_2,C_2_KW_2,C_2_NKW_2,CPN_2_AGCA_2,CPN_2_AGSAT_2,CPN_2_AGAD1_2,CPN_2_AGAD2_2,https://www.acatastatic.com,CPN_2_AGPHA_2,21.12268746,CPN_2_AGPHD_2,https://www.prefavorite.com,5066428182,CPN_2_RSAH1_2,CPN_2_RSAH2_2,CPN_2_RSAH3_2,CPN_2_RSAD1_2,CPN_2_RSAD2_2,https://www.kujawiak.com,8905425593,https://www.nitrogenizing.com,CPN_2_COABN_2,CPN_2_COAD1_2,626.6566133
Testing_Campaign_2,DND_DONT_MODIFY Testing_Campaign_2,Campaign_2_Label_3,26.84765606,Campaign_2_NKWL_3,C_2_CA_3,C_2_SAT_3,C_2_SAD1_3,C_2_SAD2_3,https://www.unrefunding.com,C_2_PAH_3,801.3974005,C_2_PAP_3,https://www.hexacanthous.com,9442325543,AdGroup 3,CPN_2_AG_L_3,C_2_KW_3,C_2_NKW_3,CPN_2_AGCA_3,CPN_2_AGSAT_3,CPN_2_AGAD1_3,CPN_2_AGAD2_3,https://www.flighthead.com,CPN_2_AGPHA_3,93.68315813,CPN_2_AGPHD_3,https://www.unimpounded.com,1720886395,CPN_2_RSAH1_3,CPN_2_RSAH2_3,CPN_2_RSAH3_3,CPN_2_RSAD1_3,CPN_2_RSAD2_3,https://www.talenter.com,6865784459,https://www.papize.com,CPN_2_COABN_3,CPN_2_COAD1_3,339.475652
Testing_Campaign_2,DND_DONT_MODIFY Testing_Campaign_2,Campaign_2_Label_4,26.84765606,Campaign_2_NKWL_4,C_2_CA_4,C_2_SAT_4,C_2_SAD1_4,C_2_SAD2_4,https://www.averting.com,C_2_PAH_4,256.3822141,C_2_PAP_4,https://www.shibboleth.com,3198862951,AdGroup 4,CPN_2_AG_L_4,C_2_KW_4,C_2_NKW_4,CPN_2_AGCA_4,CPN_2_AGSAT_4,CPN_2_AGAD1_4,CPN_2_AGAD2_4,https://www.sanguify.com,CPN_2_AGPHA_4,65.11158291,CPN_2_AGPHD_4,https://www.hereagain.com,9955455768,CPN_2_RSAH1_4,CPN_2_RSAH2_4,CPN_2_RSAH3_4,CPN_2_RSAD1_4,CPN_2_RSAD2_4,https://www.protectorates.com,8333458420,https://www.eyelets.com,CPN_2_COABN_4,CPN_2_COAD1_4,60.93604457
Testing_Campaign_2,DND_DONT_MODIFY Testing_Campaign_2,Campaign_2_Label_5,26.84765606,Campaign_2_NKWL_5,C_2_CA_5,C_2_SAT_5,C_2_SAD1_5,C_2_SAD2_5,https://www.phrymaceae.com,C_2_PAH_5,212.0784509,C_2_PAP_5,https://www.hypercomposite.com,4117181504,AdGroup 5,CPN_2_AG_L_5,C_2_KW_5,C_2_NKW_5,CPN_2_AGCA_5,CPN_2_AGSAT_5,CPN_2_AGAD1_5,CPN_2_AGAD2_5,https://www.withoutside.com,CPN_2_AGPHA_5,376.6416208,CPN_2_AGPHD_5,https://www.metapleura.com,4371509701,CPN_2_RSAH1_5,CPN_2_RSAH2_5,CPN_2_RSAH3_5,CPN_2_RSAD1_5,CPN_2_RSAD2_5,https://www.salamander.com,1202740350,https://www.structurally.com,CPN_2_COABN_5,CPN_2_COAD1_5,354.5238388
Testing_Campaign_2,DND_DONT_MODIFY Testing_Campaign_2,Campaign_2_Label_6,26.84765606,Campaign_2_NKWL_6,C_2_CA_6,C_2_SAT_6,C_2_SAD1_6,C_2_SAD2_6,https://www.roughness.com,C_2_PAH_6,215.3204019,C_2_PAP_6,https://www.carabidae.com,4128131083,AdGroup 6,CPN_2_AG_L_6,C_2_KW_6,C_2_NKW_6,CPN_2_AGCA_6,CPN_2_AGSAT_6,CPN_2_AGAD1_6,CPN_2_AGAD2_6,https://www.horation.com,CPN_2_AGPHA_6,85.55316819,CPN_2_AGPHD_6,https://www.noninstructiveness.com,1444711767,CPN_2_RSAH1_6,CPN_2_RSAH2_6,CPN_2_RSAH3_6,CPN_2_RSAD1_6,CPN_2_RSAD2_6,https://www.hector.com,3665171671,https://www.brontosaurus.com,CPN_2_COABN_6,CPN_2_COAD1_6,258.1141995
Testing_Campaign_2,DND_DONT_MODIFY Testing_Campaign_2,Campaign_2_Label_7,26.84765606,Campaign_2_NKWL_7,C_2_CA_7,C_2_SAT_7,C_2_SAD1_7,C_2_SAD2_7,https://www.ultrascholastic.com,C_2_PAH_7,36.12601998,C_2_PAP_7,https://www.aspergation.com,8289627301,AdGroup 7,CPN_2_AG_L_7,C_2_KW_7,C_2_NKW_7,CPN_2_AGCA_7,CPN_2_AGSAT_7,CPN_2_AGAD1_7,CPN_2_AGAD2_7,https://www.oogone.com,CPN_2_AGPHA_7,314.6939066,CPN_2_AGPHD_7,https://www.nonrefueling.com,8648400694,CPN_2_RSAH1_7,CPN_2_RSAH2_7,CPN_2_RSAH3_7,CPN_2_RSAD1_7,CPN_2_RSAD2_7,https://www.radiated.com,7662436267,https://www.deutonymph.com,CPN_2_COABN_7,CPN_2_COAD1_7,179.6937078
Testing_Campaign_2,DND_DONT_MODIFY Testing_Campaign_2,Campaign_2_Label_8,26.84765606,Campaign_2_NKWL_8,C_2_CA_8,C_2_SAT_8,C_2_SAD1_8,C_2_SAD2_8,https://www.demythologization.com,C_2_PAH_8,599.5503597,C_2_PAP_8,https://www.denticete.com,9114851179,AdGroup 8,CPN_2_AG_L_8,C_2_KW_8,C_2_NKW_8,CPN_2_AGCA_8,CPN_2_AGSAT_8,CPN_2_AGAD1_8,CPN_2_AGAD2_8,https://www.gasifies.com,CPN_2_AGPHA_8,36.2834498,CPN_2_AGPHD_8,https://www.charmingness.com,5351032563,CPN_2_RSAH1_8,CPN_2_RSAH2_8,CPN_2_RSAH3_8,CPN_2_RSAD1_8,CPN_2_RSAD2_8,https://www.erysipelatous.com,6407774824,https://www.druxey.com,CPN_2_COABN_8,CPN_2_COAD1_8,270.7137662
Testing_Campaign_2,DND_DONT_MODIFY Testing_Campaign_2,Campaign_2_Label_9,26.84765606,Campaign_2_NKWL_9,C_2_CA_9,C_2_SAT_9,C_2_SAD1_9,C_2_SAD2_9,https://www.submotive.com,C_2_PAH_9,328.0248455,C_2_PAP_9,https://www.panmerism.com,1095338248,AdGroup 9,CPN_2_AG_L_9,C_2_KW_9,C_2_NKW_9,CPN_2_AGCA_9,CPN_2_AGSAT_9,CPN_2_AGAD1_9,CPN_2_AGAD2_9,https://www.velumina.com,CPN_2_AGPHA_9,443.6793375,CPN_2_AGPHD_9,https://www.exoperidium.com,3068583101,CPN_2_RSAH1_9,CPN_2_RSAH2_9,CPN_2_RSAH3_9,CPN_2_RSAD1_9,CPN_2_RSAD2_9,https://www.alomancy.com,3247680233,https://www.gummed.com,CPN_2_COABN_9,CPN_2_COAD1_9,144.5615359
Testing_Campaign_2,DND_DONT_MODIFY Testing_Campaign_2,Campaign_2_Label_10,26.84765606,Campaign_2_NKWL_10,C_2_CA_10,C_2_SAT_10,C_2_SAD1_10,C_2_SAD2_10,https://www.majordomos.com,C_2_PAH_10,115.8682256,C_2_PAP_10,https://www.masked.com,8099042550,AdGroup 10,CPN_2_AG_L_10,C_2_KW_10,C_2_NKW_10,CPN_2_AGCA_10,CPN_2_AGSAT_10,CPN_2_AGAD1_10,CPN_2_AGAD2_10,https://www.workdays.com,CPN_2_AGPHA_10,8.629278466,CPN_2_AGPHD_10,https://www.moistened.com,6174507401,CPN_2_RSAH1_10,CPN_2_RSAH2_10,CPN_2_RSAH3_10,CPN_2_RSAD1_10,CPN_2_RSAD2_10,https://www.wagenboom.com,5705177571,https://www.irradiation.com,CPN_2_COABN_10,CPN_2_COAD1_10,7.59704971
Testing_Campaign_3,DND_DONT_MODIFY Testing_Campaign_3,Campaign_3_Label_1,966.3985313,Campaign_3_NKWL_1,C_3_CA_1,C_3_SAT_1,C_3_SAD1_1,C_3_SAD2_1,https://www.sidewise.com,C_3_PAH_1,109.8165995,C_3_PAP_1,https://www.unmeretriciously.com,1460148505,AdGroup 1,CPN_3_AG_L_1,C_3_KW_1,C_3_NKW_1,CPN_3_AGCA_1,CPN_3_AGSAT_1,CPN_3_AGAD1_1,CPN_3_AGAD2_1,https://www.pptn.com,CPN_3_AGPHA_1,85.81124145,CPN_3_AGPHD_1,https://www.bemangle.com,9103823068,CPN_3_RSAH1_1,CPN_3_RSAH2_1,CPN_3_RSAH3_1,CPN_3_RSAD1_1,CPN_3_RSAD2_1,https://www.shammocking.com,6748777858,https://www.pattee.com,CPN_3_COABN_1,CPN_3_COAD1_1,854.3322305
Testing_Campaign_3,DND_DONT_MODIFY Testing_Campaign_3,Campaign_3_Label_2,966.3985313,Campaign_3_NKWL_2,C_3_CA_2,C_3_SAT_2,C_3_SAD1_2,C_3_SAD2_2,https://www.mullah.com,C_3_PAH_2,2.802437154,C_3_PAP_2,https://www.dhow.com,6105102166,AdGroup 2,CPN_3_AG_L_2,C_3_KW_2,C_3_NKW_2,CPN_3_AGCA_2,CPN_3_AGSAT_2,CPN_3_AGAD1_2,CPN_3_AGAD2_2,https://www.unblest.com,CPN_3_AGPHA_2,98.76127184,CPN_3_AGPHD_2,https://www.hoorahs.com,6849264289,CPN_3_RSAH1_2,CPN_3_RSAH2_2,CPN_3_RSAH3_2,CPN_3_RSAD1_2,CPN_3_RSAD2_2,https://www.parkinsonian.com,9541744149,https://www.stratagematical.com,CPN_3_COABN_2,CPN_3_COAD1_2,322.8307231
Testing_Campaign_3,DND_DONT_MODIFY Testing_Campaign_3,Campaign_3_Label_3,966.3985313,Campaign_3_NKWL_3,C_3_CA_3,C_3_SAT_3,C_3_SAD1_3,C_3_SAD2_3,https://www.monocarpian.com,C_3_PAH_3,157.1720303,C_3_PAP_3,https://www.matriarchalism.com,9897342494,AdGroup 3,CPN_3_AG_L_3,C_3_KW_3,C_3_NKW_3,CPN_3_AGCA_3,CPN_3_AGSAT_3,CPN_3_AGAD1_3,CPN_3_AGAD2_3,https://www.askoi.com,CPN_3_AGPHA_3,33.16793542,CPN_3_AGPHD_3,https://www.incommodes.com,2325584162,CPN_3_RSAH1_3,CPN_3_RSAH2_3,CPN_3_RSAH3_3,CPN_3_RSAD1_3,CPN_3_RSAD2_3,https://www.vauntage.com,9573298983,https://www.subcutes.com,CPN_3_COABN_3,CPN_3_COAD1_3,943.20668
Testing_Campaign_3,DND_DONT_MODIFY Testing_Campaign_3,Campaign_3_Label_4,966.3985313,Campaign_3_NKWL_4,C_3_CA_4,C_3_SAT_4,C_3_SAD1_4,C_3_SAD2_4,https://www.civite.com,C_3_PAH_4,20.18303001,C_3_PAP_4,https://www.winnowing.com,8231466687,AdGroup 4,CPN_3_AG_L_4,C_3_KW_4,C_3_NKW_4,CPN_3_AGCA_4,CPN_3_AGSAT_4,CPN_3_AGAD1_4,CPN_3_AGAD2_4,https://www.polyesthesia.com,CPN_3_AGPHA_4,51.24396429,CPN_3_AGPHD_4,https://www.witchering.com,3133397490,CPN_3_RSAH1_4,CPN_3_RSAH2_4,CPN_3_RSAH3_4,CPN_3_RSAD1_4,CPN_3_RSAD2_4,https://www.alcoholometric.com,2797096699,https://www.revamps.com,CPN_3_COABN_4,CPN_3_COAD1_4,7.030734658
Testing_Campaign_3,DND_DONT_MODIFY Testing_Campaign_3,Campaign_3_Label_5,966.3985313,Campaign_3_NKWL_5,C_3_CA_5,C_3_SAT_5,C_3_SAD1_5,C_3_SAD2_5,https://www.hemiparasitism.com,C_3_PAH_5,2.842824095,C_3_PAP_5,https://www.rifted.com,1039108240,AdGroup 5,CPN_3_AG_L_5,C_3_KW_5,C_3_NKW_5,CPN_3_AGCA_5,CPN_3_AGSAT_5,CPN_3_AGAD1_5,CPN_3_AGAD2_5,https://www.cogeneric.com,CPN_3_AGPHA_5,748.3886145,CPN_3_AGPHD_5,https://www.cytostatically.com,6680089858,CPN_3_RSAH1_5,CPN_3_RSAH2_5,CPN_3_RSAH3_5,CPN_3_RSAD1_5,CPN_3_RSAD2_5,https://www.apopetalous.com,4732874964,https://www.cubby.com,CPN_3_COABN_5,CPN_3_COAD1_5,156.6939862
Testing_Campaign_3,DND_DONT_MODIFY Testing_Campaign_3,Campaign_3_Label_6,966.3985313,Campaign_3_NKWL_6,C_3_CA_6,C_3_SAT_6,C_3_SAD1_6,C_3_SAD2_6,https://www.nonsynesthetic.com,C_3_PAH_6,64.1755995,C_3_PAP_6,https://www.precomplicate.com,7262228614,AdGroup 6,CPN_3_AG_L_6,C_3_KW_6,C_3_NKW_6,CPN_3_AGCA_6,CPN_3_AGSAT_6,CPN_3_AGAD1_6,CPN_3_AGAD2_6,https://www.congestion.com,CPN_3_AGPHA_6,218.3350082,CPN_3_AGPHD_6,https://www.increasableness.com,2353032560,CPN_3_RSAH1_6,CPN_3_RSAH2_6,CPN_3_RSAH3_6,CPN_3_RSAD1_6,CPN_3_RSAD2_6,https://www.transfeature.com,2436024854,https://www.achromacyte.com,CPN_3_COABN_6,CPN_3_COAD1_6,65.16205034
Testing_Campaign_3,DND_DONT_MODIFY Testing_Campaign_3,Campaign_3_Label_7,966.3985313,Campaign_3_NKWL_7,C_3_CA_7,C_3_SAT_7,C_3_SAD1_7,C_3_SAD2_7,https://www.troublesome.com,C_3_PAH_7,216.574906,C_3_PAP_7,https://www.djins.com,9558011023,AdGroup 7,CPN_3_AG_L_7,C_3_KW_7,C_3_NKW_7,CPN_3_AGCA_7,CPN_3_AGSAT_7,CPN_3_AGAD1_7,CPN_3_AGAD2_7,https://www.kakatoidae.com,CPN_3_AGPHA_7,369.0068765,CPN_3_AGPHD_7,https://www.acheat.com,5088378677,CPN_3_RSAH1_7,CPN_3_RSAH2_7,CPN_3_RSAH3_7,CPN_3_RSAD1_7,CPN_3_RSAD2_7,https://www.schismatizing.com,9823792098,https://www.sodomite.com,CPN_3_COABN_7,CPN_3_COAD1_7,5.985208813
Testing_Campaign_3,DND_DONT_MODIFY Testing_Campaign_3,Campaign_3_Label_8,966.3985313,Campaign_3_NKWL_8,C_3_CA_8,C_3_SAT_8,C_3_SAD1_8,C_3_SAD2_8,https://www.spirillum.com,C_3_PAH_8,352.0379362,C_3_PAP_8,https://www.nonmanual.com,1807262000,AdGroup 8,CPN_3_AG_L_8,C_3_KW_8,C_3_NKW_8,CPN_3_AGCA_8,CPN_3_AGSAT_8,CPN_3_AGAD1_8,CPN_3_AGAD2_8,https://www.spermogone.com,CPN_3_AGPHA_8,9.933921479,CPN_3_AGPHD_8,https://www.pinspotters.com,1627233937,CPN_3_RSAH1_8,CPN_3_RSAH2_8,CPN_3_RSAH3_8,CPN_3_RSAD1_8,CPN_3_RSAD2_8,https://www.gynaeocracy.com,2784275242,https://www.boilermaking.com,CPN_3_COABN_8,CPN_3_COAD1_8,76.41108053
Testing_Campaign_3,DND_DONT_MODIFY Testing_Campaign_3,Campaign_3_Label_9,966.3985313,Campaign_3_NKWL_9,C_3_CA_9,C_3_SAT_9,C_3_SAD1_9,C_3_SAD2_9,https://www.went.com,C_3_PAH_9,69.90553128,C_3_PAP_9,https://www.challenged.com,5248502451,AdGroup 9,CPN_3_AG_L_9,C_3_KW_9,C_3_NKW_9,CPN_3_AGCA_9,CPN_3_AGSAT_9,CPN_3_AGAD1_9,CPN_3_AGAD2_9,https://www.crumena.com,CPN_3_AGPHA_9,419.7608006,CPN_3_AGPHD_9,https://www.preevolutionary.com,9282535259,CPN_3_RSAH1_9,CPN_3_RSAH2_9,CPN_3_RSAH3_9,CPN_3_RSAD1_9,CPN_3_RSAD2_9,https://www.arenas.com,6493887081,https://www.unsweated.com,CPN_3_COABN_9,CPN_3_COAD1_9,384.7647026
Testing_Campaign_3,DND_DONT_MODIFY Testing_Campaign_3,Campaign_3_Label_10,966.3985313,Campaign_3_NKWL_10,C_3_CA_10,C_3_SAT_10,C_3_SAD1_10,C_3_SAD2_10,https://www.snaking.com,C_3_PAH_10,342.1240295,C_3_PAP_10,https://www.durries.com,2906385892,AdGroup 10,CPN_3_AG_L_10,C_3_KW_10,C_3_NKW_10,CPN_3_AGCA_10,CPN_3_AGSAT_10,CPN_3_AGAD1_10,CPN_3_AGAD2_10,https://www.eugenia.com,CPN_3_AGPHA_10,90.99606082,CPN_3_AGPHD_10,https://www.async.com,4247662222,CPN_3_RSAH1_10,CPN_3_RSAH2_10,CPN_3_RSAH3_10,CPN_3_RSAD1_10,CPN_3_RSAD2_10,https://www.foreshadowing.com,4514211428,https://www.pneumococcic.com,CPN_3_COABN_10,CPN_3_COAD1_10,747.1321279
Testing_Campaign_4,DND_DONT_MODIFY Testing_Campaign_4,Campaign_4_Label_1,531.4354258,Campaign_4_NKWL_1,C_4_CA_1,C_4_SAT_1,C_4_SAD1_1,C_4_SAD2_1,https://www.blueprint.com,C_4_PAH_1,403.9038543,C_4_PAP_1,https://www.gladdener.com,2157684205,AdGroup 1,CPN_4_AG_L_1,C_4_KW_1,C_4_NKW_1,CPN_4_AGCA_1,CPN_4_AGSAT_1,CPN_4_AGAD1_1,CPN_4_AGAD2_1,https://www.bluisness.com,CPN_4_AGPHA_1,220.8581066,CPN_4_AGPHD_1,https://www.calliphora.com,2051900917,CPN_4_RSAH1_1,CPN_4_RSAH2_1,CPN_4_RSAH3_1,CPN_4_RSAD1_1,CPN_4_RSAD2_1,https://www.sierras.com,4741457578,https://www.everybody.com,CPN_4_COABN_1,CPN_4_COAD1_1,366.3116287
Testing_Campaign_4,DND_DONT_MODIFY Testing_Campaign_4,Campaign_4_Label_2,531.4354258,Campaign_4_NKWL_2,C_4_CA_2,C_4_SAT_2,C_4_SAD1_2,C_4_SAD2_2,https://www.farmhand.com,C_4_PAH_2,320.6244879,C_4_PAP_2,https://www.unworldliness.com,9594281366,AdGroup 2,CPN_4_AG_L_2,C_4_KW_2,C_4_NKW_2,CPN_4_AGCA_2,CPN_4_AGSAT_2,CPN_4_AGAD1_2,CPN_4_AGAD2_2,https://www.bassets.com,CPN_4_AGPHA_2,389.958381,CPN_4_AGPHD_2,https://www.unbesieged.com,7917987858,CPN_4_RSAH1_2,CPN_4_RSAH2_2,CPN_4_RSAH3_2,CPN_4_RSAD1_2,CPN_4_RSAD2_2,https://www.telechemic.com,9944462264,https://www.whatsoever.com,CPN_4_COABN_2,CPN_4_COAD1_2,437.9641603
Testing_Campaign_4,DND_DONT_MODIFY Testing_Campaign_4,Campaign_4_Label_3,531.4354258,Campaign_4_NKWL_3,C_4_CA_3,C_4_SAT_3,C_4_SAD1_3,C_4_SAD2_3,https://www.hanting.com,C_4_PAH_3,62.44916069,C_4_PAP_3,https://www.operla.com,5676535976,AdGroup 3,CPN_4_AG_L_3,C_4_KW_3,C_4_NKW_3,CPN_4_AGCA_3,CPN_4_AGSAT_3,CPN_4_AGAD1_3,CPN_4_AGAD2_3,https://www.helenin.com,CPN_4_AGPHA_3,178.658182,CPN_4_AGPHD_3,https://www.billers.com,9712581217,CPN_4_RSAH1_3,CPN_4_RSAH2_3,CPN_4_RSAH3_3,CPN_4_RSAD1_3,CPN_4_RSAD2_3,https://www.libraries.com,2665283041,https://www.cantharus.com,CPN_4_COABN_3,CPN_4_COAD1_3,177.074709
Testing_Campaign_4,DND_DONT_MODIFY Testing_Campaign_4,Campaign_4_Label_4,531.4354258,Campaign_4_NKWL_4,C_4_CA_4,C_4_SAT_4,C_4_SAD1_4,C_4_SAD2_4,https://www.polygenous.com,C_4_PAH_4,62.83136988,C_4_PAP_4,https://www.acidiferous.com,6025127166,AdGroup 4,CPN_4_AG_L_4,C_4_KW_4,C_4_NKW_4,CPN_4_AGCA_4,CPN_4_AGSAT_4,CPN_4_AGAD1_4,CPN_4_AGAD2_4,https://www.recklessly.com,CPN_4_AGPHA_4,334.592236,CPN_4_AGPHD_4,https://www.stomodeumdea.com,8296193180,CPN_4_RSAH1_4,CPN_4_RSAH2_4,CPN_4_RSAH3_4,CPN_4_RSAD1_4,CPN_4_RSAD2_4,https://www.syndesises.com,3561305146,https://www.skirwhit.com,CPN_4_COABN_4,CPN_4_COAD1_4,78.16489392
Testing_Campaign_4,DND_DONT_MODIFY Testing_Campaign_4,Campaign_4_Label_5,531.4354258,Campaign_4_NKWL_5,C_4_CA_5,C_4_SAT_5,C_4_SAD1_5,C_4_SAD2_5,https://www.overeating.com,C_4_PAH_5,514.9247305,C_4_PAP_5,https://www.tauryl.com,1131856865,AdGroup 5,CPN_4_AG_L_5,C_4_KW_5,C_4_NKW_5,CPN_4_AGCA_5,CPN_4_AGSAT_5,CPN_4_AGAD1_5,CPN_4_AGAD2_5,https://www.snicked.com,CPN_4_AGPHA_5,26.52902134,CPN_4_AGPHD_5,https://www.aloxite.com,5068300539,CPN_4_RSAH1_5,CPN_4_RSAH2_5,CPN_4_RSAH3_5,CPN_4_RSAD1_5,CPN_4_RSAD2_5,https://www.glutter.com,3763805643,https://www.hymenopterological.com,CPN_4_COABN_5,CPN_4_COAD1_5,27.71571669
Testing_Campaign_4,DND_DONT_MODIFY Testing_Campaign_4,Campaign_4_Label_6,531.4354258,Campaign_4_NKWL_6,C_4_CA_6,C_4_SAT_6,C_4_SAD1_6,C_4_SAD2_6,https://www.phatic.com,C_4_PAH_6,769.2854405,C_4_PAP_6,https://www.chiropterygian.com,9372107063,AdGroup 6,CPN_4_AG_L_6,C_4_KW_6,C_4_NKW_6,CPN_4_AGCA_6,CPN_4_AGSAT_6,CPN_4_AGAD1_6,CPN_4_AGAD2_6,https://www.captiving.com,CPN_4_AGPHA_6,889.5773874,CPN_4_AGPHD_6,https://www.privatizing.com,2656164908,CPN_4_RSAH1_6,CPN_4_RSAH2_6,CPN_4_RSAH3_6,CPN_4_RSAD1_6,CPN_4_RSAD2_6,https://www.bannock.com,3750765858,https://www.anoxybiosis.com,CPN_4_COABN_6,CPN_4_COAD1_6,650.5600849
Testing_Campaign_4,DND_DONT_MODIFY Testing_Campaign_4,Campaign_4_Label_7,531.4354258,Campaign_4_NKWL_7,C_4_CA_7,C_4_SAT_7,C_4_SAD1_7,C_4_SAD2_7,https://www.hefted.com,C_4_PAH_7,66.87884153,C_4_PAP_7,https://www.divus.com,1864108180,AdGroup 7,CPN_4_AG_L_7,C_4_KW_7,C_4_NKW_7,CPN_4_AGCA_7,CPN_4_AGSAT_7,CPN_4_AGAD1_7,CPN_4_AGAD2_7,https://www.carrus.com,CPN_4_AGPHA_7,294.7028485,CPN_4_AGPHD_7,https://www.besoothed.com,6400428468,CPN_4_RSAH1_7,CPN_4_RSAH2_7,CPN_4_RSAH3_7,CPN_4_RSAD1_7,CPN_4_RSAD2_7,https://www.necromimesis.com,1239934072,https://www.paniculate.com,CPN_4_COABN_7,CPN_4_COAD1_7,626.2164896
Testing_Campaign_4,DND_DONT_MODIFY Testing_Campaign_4,Campaign_4_Label_8,531.4354258,Campaign_4_NKWL_8,C_4_CA_8,C_4_SAT_8,C_4_SAD1_8,C_4_SAD2_8,https://www.reichsthaler.com,C_4_PAH_8,452.234289,C_4_PAP_8,https://www.ensete.com,2456640076,AdGroup 8,CPN_4_AG_L_8,C_4_KW_8,C_4_NKW_8,CPN_4_AGCA_8,CPN_4_AGSAT_8,CPN_4_AGAD1_8,CPN_4_AGAD2_8,https://www.applewood.com,CPN_4_AGPHA_8,54.57993329,CPN_4_AGPHD_8,https://www.groggy.com,5149923075,CPN_4_RSAH1_8,CPN_4_RSAH2_8,CPN_4_RSAH3_8,CPN_4_RSAD1_8,CPN_4_RSAD2_8,https://www.liquory.com,7878906922,https://www.woozle.com,CPN_4_COABN_8,CPN_4_COAD1_8,442.1040534
Testing_Campaign_4,DND_DONT_MODIFY Testing_Campaign_4,Campaign_4_Label_9,531.4354258,Campaign_4_NKWL_9,C_4_CA_9,C_4_SAT_9,C_4_SAD1_9,C_4_SAD2_9,https://www.wisting.com,C_4_PAH_9,143.4196576,C_4_PAP_9,https://www.plyboard.com,9931341265,AdGroup 9,CPN_4_AG_L_9,C_4_KW_9,C_4_NKW_9,CPN_4_AGCA_9,CPN_4_AGSAT_9,CPN_4_AGAD1_9,CPN_4_AGAD2_9,https://www.unaccelerated.com,CPN_4_AGPHA_9,1.681376009,CPN_4_AGPHD_9,https://www.oceanid.com,3382046243,CPN_4_RSAH1_9,CPN_4_RSAH2_9,CPN_4_RSAH3_9,CPN_4_RSAD1_9,CPN_4_RSAD2_9,https://www.thiasoi.com,2646282162,https://www.latirostrous.com,CPN_4_COABN_9,CPN_4_COAD1_9,6.19544068
Testing_Campaign_4,DND_DONT_MODIFY Testing_Campaign_4,Campaign_4_Label_10,531.4354258,Campaign_4_NKWL_10,C_4_CA_10,C_4_SAT_10,C_4_SAD1_10,C_4_SAD2_10,https://www.geloscopy.com,C_4_PAH_10,464.7801114,C_4_PAP_10,https://www.kvah.com,7767730275,AdGroup 10,CPN_4_AG_L_10,C_4_KW_10,C_4_NKW_10,CPN_4_AGCA_10,CPN_4_AGSAT_10,CPN_4_AGAD1_10,CPN_4_AGAD2_10,https://www.hospitious.com,CPN_4_AGPHA_10,280.9007756,CPN_4_AGPHD_10,https://www.cyclop.com,3311394623,CPN_4_RSAH1_10,CPN_4_RSAH2_10,CPN_4_RSAH3_10,CPN_4_RSAD1_10,CPN_4_RSAD2_10,https://www.servicers.com,7950633485,https://www.esophagoptosis.com,CPN_4_COABN_10,CPN_4_COAD1_10,27.30051064
Testing_Campaign_5,DND_DONT_MODIFY Testing_Campaign_5,Campaign_5_Label_1,86.03189271,Campaign_5_NKWL_1,C_5_CA_1,C_5_SAT_1,C_5_SAD1_1,C_5_SAD2_1,https://www.grandmaster.com,C_5_PAH_1,524.8902382,C_5_PAP_1,https://www.empoisoning.com,9315821972,AdGroup 1,CPN_5_AG_L_1,C_5_KW_1,C_5_NKW_1,CPN_5_AGCA_1,CPN_5_AGSAT_1,CPN_5_AGAD1_1,CPN_5_AGAD2_1,https://www.invulnerability.com,CPN_5_AGPHA_1,7.815444533,CPN_5_AGPHD_1,https://www.psephitic.com,6640249856,CPN_5_RSAH1_1,CPN_5_RSAH2_1,CPN_5_RSAH3_1,CPN_5_RSAD1_1,CPN_5_RSAD2_1,https://www.kininogen.com,8282547977,https://www.blepharochalasis.com,CPN_5_COABN_1,CPN_5_COAD1_1,66.15580353
Testing_Campaign_5,DND_DONT_MODIFY Testing_Campaign_5,Campaign_5_Label_2,86.03189271,Campaign_5_NKWL_2,C_5_CA_2,C_5_SAT_2,C_5_SAD1_2,C_5_SAD2_2,https://www.listedness.com,C_5_PAH_2,146.6963653,C_5_PAP_2,https://www.brickwise.com,7670889529,AdGroup 2,CPN_5_AG_L_2,C_5_KW_2,C_5_NKW_2,CPN_5_AGCA_2,CPN_5_AGSAT_2,CPN_5_AGAD1_2,CPN_5_AGAD2_2,https://www.intersoluble.com,CPN_5_AGPHA_2,504.2843797,CPN_5_AGPHD_2,https://www.nonvascularly.com,3988149718,CPN_5_RSAH1_2,CPN_5_RSAH2_2,CPN_5_RSAH3_2,CPN_5_RSAD1_2,CPN_5_RSAD2_2,https://www.agglutinoscope.com,3942137101,https://www.turvy.com,CPN_5_COABN_2,CPN_5_COAD1_2,65.54528015
Testing_Campaign_5,DND_DONT_MODIFY Testing_Campaign_5,Campaign_5_Label_3,86.03189271,Campaign_5_NKWL_3,C_5_CA_3,C_5_SAT_3,C_5_SAD1_3,C_5_SAD2_3,https://www.killingness.com,C_5_PAH_3,586.5853678,C_5_PAP_3,https://www.nonbulbous.com,2376367305,AdGroup 3,CPN_5_AG_L_3,C_5_KW_3,C_5_NKW_3,CPN_5_AGCA_3,CPN_5_AGSAT_3,CPN_5_AGAD1_3,CPN_5_AGAD2_3,https://www.freety.com,CPN_5_AGPHA_3,67.10976351,CPN_5_AGPHD_3,https://www.roommates.com,3907871575,CPN_5_RSAH1_3,CPN_5_RSAH2_3,CPN_5_RSAH3_3,CPN_5_RSAD1_3,CPN_5_RSAD2_3,https://www.quadrantile.com,7776611193,https://www.directively.com,CPN_5_COABN_3,CPN_5_COAD1_3,204.3752377
Testing_Campaign_5,DND_DONT_MODIFY Testing_Campaign_5,Campaign_5_Label_4,86.03189271,Campaign_5_NKWL_4,C_5_CA_4,C_5_SAT_4,C_5_SAD1_4,C_5_SAD2_4,https://www.crossline.com,C_5_PAH_4,54.84637064,C_5_PAP_4,https://www.corita.com,2632015112,AdGroup 4,CPN_5_AG_L_4,C_5_KW_4,C_5_NKW_4,CPN_5_AGCA_4,CPN_5_AGSAT_4,CPN_5_AGAD1_4,CPN_5_AGAD2_4,https://www.atmoclastic.com,CPN_5_AGPHA_4,955.744341,CPN_5_AGPHD_4,https://www.nickpot.com,2915566678,CPN_5_RSAH1_4,CPN_5_RSAH2_4,CPN_5_RSAH3_4,CPN_5_RSAD1_4,CPN_5_RSAD2_4,https://www.percale.com,9192011177,https://www.tasheriff.com,CPN_5_COABN_4,CPN_5_COAD1_4,286.0222074
Testing_Campaign_5,DND_DONT_MODIFY Testing_Campaign_5,Campaign_5_Label_5,86.03189271,Campaign_5_NKWL_5,C_5_CA_5,C_5_SAT_5,C_5_SAD1_5,C_5_SAD2_5,https://www.pomonic.com,C_5_PAH_5,166.6186477,C_5_PAP_5,https://www.pantography.com,9485229690,AdGroup 5,CPN_5_AG_L_5,C_5_KW_5,C_5_NKW_5,CPN_5_AGCA_5,CPN_5_AGSAT_5,CPN_5_AGAD1_5,CPN_5_AGAD2_5,https://www.unadmittable.com,CPN_5_AGPHA_5,403.3043079,CPN_5_AGPHD_5,https://www.acetylphenol.com,9924006273,CPN_5_RSAH1_5,CPN_5_RSAH2_5,CPN_5_RSAH3_5,CPN_5_RSAD1_5,CPN_5_RSAD2_5,https://www.tentmate.com,3298259352,https://www.seminasally.com,CPN_5_COABN_5,CPN_5_COAD1_5,148.1386578
Testing_Campaign_5,DND_DONT_MODIFY Testing_Campaign_5,Campaign_5_Label_6,86.03189271,Campaign_5_NKWL_6,C_5_CA_6,C_5_SAT_6,C_5_SAD1_6,C_5_SAD2_6,https://www.upbotch.com,C_5_PAH_6,139.1463011,C_5_PAP_6,https://www.highbrowed.com,5254698945,AdGroup 6,CPN_5_AG_L_6,C_5_KW_6,C_5_NKW_6,CPN_5_AGCA_6,CPN_5_AGSAT_6,CPN_5_AGAD1_6,CPN_5_AGAD2_6,https://www.rarebits.com,CPN_5_AGPHA_6,417.3488548,CPN_5_AGPHD_6,https://www.whiskers.com,8244599161,CPN_5_RSAH1_6,CPN_5_RSAH2_6,CPN_5_RSAH3_6,CPN_5_RSAD1_6,CPN_5_RSAD2_6,https://www.nosing.com,6276414271,https://www.bloodthirsty.com,CPN_5_COABN_6,CPN_5_COAD1_6,720.689858
Testing_Campaign_5,DND_DONT_MODIFY Testing_Campaign_5,Campaign_5_Label_7,86.03189271,Campaign_5_NKWL_7,C_5_CA_7,C_5_SAT_7,C_5_SAD1_7,C_5_SAD2_7,https://www.houyhnhnm.com,C_5_PAH_7,567.9669879,C_5_PAP_7,https://www.subdues.com,9732129289,AdGroup 7,CPN_5_AG_L_7,C_5_KW_7,C_5_NKW_7,CPN_5_AGCA_7,CPN_5_AGSAT_7,CPN_5_AGAD1_7,CPN_5_AGAD2_7,https://www.unbenignant.com,CPN_5_AGPHA_7,330.2056333,CPN_5_AGPHD_7,https://www.liquidized.com,6806383661,CPN_5_RSAH1_7,CPN_5_RSAH2_7,CPN_5_RSAH3_7,CPN_5_RSAD1_7,CPN_5_RSAD2_7,https://www.serg.com,2606759793,https://www.megaceros.com,CPN_5_COABN_7,CPN_5_COAD1_7,495.6247568
Testing_Campaign_5,DND_DONT_MODIFY Testing_Campaign_5,Campaign_5_Label_8,86.03189271,Campaign_5_NKWL_8,C_5_CA_8,C_5_SAT_8,C_5_SAD1_8,C_5_SAD2_8,https://www.agin.com,C_5_PAH_8,165.6585912,C_5_PAP_8,https://www.supernationally.com,5839130809,AdGroup 8,CPN_5_AG_L_8,C_5_KW_8,C_5_NKW_8,CPN_5_AGCA_8,CPN_5_AGSAT_8,CPN_5_AGAD1_8,CPN_5_AGAD2_8,https://www.pyrophosphatic.com,CPN_5_AGPHA_8,348.9184322,CPN_5_AGPHD_8,https://www.persecutor.com,1408212476,CPN_5_RSAH1_8,CPN_5_RSAH2_8,CPN_5_RSAH3_8,CPN_5_RSAD1_8,CPN_5_RSAD2_8,https://www.carbanilic.com,8554541758,https://www.renguera.com,CPN_5_COABN_8,CPN_5_COAD1_8,163.7258508
Testing_Campaign_5,DND_DONT_MODIFY Testing_Campaign_5,Campaign_5_Label_9,86.03189271,Campaign_5_NKWL_9,C_5_CA_9,C_5_SAT_9,C_5_SAD1_9,C_5_SAD2_9,https://www.reexpels.com,C_5_PAH_9,300.2996231,C_5_PAP_9,https://www.spirants.com,5309069344,AdGroup 9,CPN_5_AG_L_9,C_5_KW_9,C_5_NKW_9,CPN_5_AGCA_9,CPN_5_AGSAT_9,CPN_5_AGAD1_9,CPN_5_AGAD2_9,https://www.nonsufferance.com,CPN_5_AGPHA_9,30.11468525,CPN_5_AGPHD_9,https://www.pertain.com,7868936717,CPN_5_RSAH1_9,CPN_5_RSAH2_9,CPN_5_RSAH3_9,CPN_5_RSAD1_9,CPN_5_RSAD2_9,https://www.benweed.com,9757589432,https://www.meconology.com,CPN_5_COABN_9,CPN_5_COAD1_9,63.14460823
Testing_Campaign_5,DND_DONT_MODIFY Testing_Campaign_5,Campaign_5_Label_10,86.03189271,Campaign_5_NKWL_10,C_5_CA_10,C_5_SAT_10,C_5_SAD1_10,C_5_SAD2_10,https://www.myelon.com,C_5_PAH_10,237.2387804,C_5_PAP_10,https://www.glyphs.com,9222549131,AdGroup 10,CPN_5_AG_L_10,C_5_KW_10,C_5_NKW_10,CPN_5_AGCA_10,CPN_5_AGSAT_10,CPN_5_AGAD1_10,CPN_5_AGAD2_10,https://www.glossolabiolaryngeal.com,CPN_5_AGPHA_10,609.2225494,CPN_5_AGPHD_10,https://www.palis.com,7780188676,CPN_5_RSAH1_10,CPN_5_RSAH2_10,CPN_5_RSAH3_10,CPN_5_RSAD1_10,CPN_5_RSAD2_10,https://www.pulsific.com,2462624844,https://www.rissoidae.com,CPN_5_COABN_10,CPN_5_COAD1_10,363.3453949
Testing_Campaign_6,DND_DONT_MODIFY Testing_Campaign_6,Campaign_6_Label_1,396.7360041,Campaign_6_NKWL_1,C_6_CA_1,C_6_SAT_1,C_6_SAD1_1,C_6_SAD2_1,https://www.spellken.com,C_6_PAH_1,455.4635599,C_6_PAP_1,https://www.farweltered.com,6841078982,AdGroup 1,CPN_6_AG_L_1,C_6_KW_1,C_6_NKW_1,CPN_6_AGCA_1,CPN_6_AGSAT_1,CPN_6_AGAD1_1,CPN_6_AGAD2_1,https://www.eudendrium.com,CPN_6_AGPHA_1,331.1055601,CPN_6_AGPHD_1,https://www.blastophaga.com,1963907100,CPN_6_RSAH1_1,CPN_6_RSAH2_1,CPN_6_RSAH3_1,CPN_6_RSAD1_1,CPN_6_RSAD2_1,https://www.kiva.com,9698224941,https://www.heteropod.com,CPN_6_COABN_1,CPN_6_COAD1_1,268.7536294
Testing_Campaign_6,DND_DONT_MODIFY Testing_Campaign_6,Campaign_6_Label_2,396.7360041,Campaign_6_NKWL_2,C_6_CA_2,C_6_SAT_2,C_6_SAD1_2,C_6_SAD2_2,https://www.homoplassy.com,C_6_PAH_2,824.8281063,C_6_PAP_2,https://www.perspectively.com,2788684533,AdGroup 2,CPN_6_AG_L_2,C_6_KW_2,C_6_NKW_2,CPN_6_AGCA_2,CPN_6_AGSAT_2,CPN_6_AGAD1_2,CPN_6_AGAD2_2,https://www.overtip.com,CPN_6_AGPHA_2,127.4496362,CPN_6_AGPHD_2,https://www.unobjectionably.com,1192481119,CPN_6_RSAH1_2,CPN_6_RSAH2_2,CPN_6_RSAH3_2,CPN_6_RSAD1_2,CPN_6_RSAD2_2,https://www.radiescent.com,7030620860,https://www.isospondyli.com,CPN_6_COABN_2,CPN_6_COAD1_2,163.3978809
Testing_Campaign_6,DND_DONT_MODIFY Testing_Campaign_6,Campaign_6_Label_3,396.7360041,Campaign_6_NKWL_3,C_6_CA_3,C_6_SAT_3,C_6_SAD1_3,C_6_SAD2_3,https://www.polymorphonuclear.com,C_6_PAH_3,6.486994568,C_6_PAP_3,https://www.diatryma.com,3716541923,AdGroup 3,CPN_6_AG_L_3,C_6_KW_3,C_6_NKW_3,CPN_6_AGCA_3,CPN_6_AGSAT_3,CPN_6_AGAD1_3,CPN_6_AGAD2_3,https://www.thorn.com,CPN_6_AGPHA_3,225.6981694,CPN_6_AGPHD_3,https://www.erethisia.com,5778504714,CPN_6_RSAH1_3,CPN_6_RSAH2_3,CPN_6_RSAH3_3,CPN_6_RSAD1_3,CPN_6_RSAD2_3,https://www.crannies.com,4853884182,https://www.meeken.com,CPN_6_COABN_3,CPN_6_COAD1_3,161.844969
Testing_Campaign_6,DND_DONT_MODIFY Testing_Campaign_6,Campaign_6_Label_4,396.7360041,Campaign_6_NKWL_4,C_6_CA_4,C_6_SAT_4,C_6_SAD1_4,C_6_SAD2_4,https://www.millenniums.com,C_6_PAH_4,431.2183433,C_6_PAP_4,https://www.unrobustness.com,3460281136,AdGroup 4,CPN_6_AG_L_4,C_6_KW_4,C_6_NKW_4,CPN_6_AGCA_4,CPN_6_AGSAT_4,CPN_6_AGAD1_4,CPN_6_AGAD2_4,https://www.sparpled.com,CPN_6_AGPHA_4,526.2316356,CPN_6_AGPHD_4,https://www.unilingual.com,6772632334,CPN_6_RSAH1_4,CPN_6_RSAH2_4,CPN_6_RSAH3_4,CPN_6_RSAD1_4,CPN_6_RSAD2_4,https://www.reeded.com,7497384253,https://www.cinder.com,CPN_6_COABN_4,CPN_6_COAD1_4,39.98176791
Testing_Campaign_6,DND_DONT_MODIFY Testing_Campaign_6,Campaign_6_Label_5,396.7360041,Campaign_6_NKWL_5,C_6_CA_5,C_6_SAT_5,C_6_SAD1_5,C_6_SAD2_5,https://www.burglarizing.com,C_6_PAH_5,28.91451455,C_6_PAP_5,https://www.unclayed.com,2284977148,AdGroup 5,CPN_6_AG_L_5,C_6_KW_5,C_6_NKW_5,CPN_6_AGCA_5,CPN_6_AGSAT_5,CPN_6_AGAD1_5,CPN_6_AGAD2_5,https://www.flimsiest.com,CPN_6_AGPHA_5,82.79564347,CPN_6_AGPHD_5,https://www.dimethylsulphoxide.com,4675612435,CPN_6_RSAH1_5,CPN_6_RSAH2_5,CPN_6_RSAH3_5,CPN_6_RSAD1_5,CPN_6_RSAD2_5,https://www.verdantness.com,5069790323,https://www.comparers.com,CPN_6_COABN_5,CPN_6_COAD1_5,220.3578797
Testing_Campaign_6,DND_DONT_MODIFY Testing_Campaign_6,Campaign_6_Label_6,396.7360041,Campaign_6_NKWL_6,C_6_CA_6,C_6_SAT_6,C_6_SAD1_6,C_6_SAD2_6,https://www.acculturated.com,C_6_PAH_6,530.7308688,C_6_PAP_6,https://www.osteostraci.com,5223170367,AdGroup 6,CPN_6_AG_L_6,C_6_KW_6,C_6_NKW_6,CPN_6_AGCA_6,CPN_6_AGSAT_6,CPN_6_AGAD1_6,CPN_6_AGAD2_6,https://www.monolithism.com,CPN_6_AGPHA_6,173.6932054,CPN_6_AGPHD_6,https://www.nosebleeds.com,8550900377,CPN_6_RSAH1_6,CPN_6_RSAH2_6,CPN_6_RSAH3_6,CPN_6_RSAD1_6,CPN_6_RSAD2_6,https://www.frogwort.com,6169009732,https://www.tanyards.com,CPN_6_COABN_6,CPN_6_COAD1_6,143.4442433
Testing_Campaign_6,DND_DONT_MODIFY Testing_Campaign_6,Campaign_6_Label_7,396.7360041,Campaign_6_NKWL_7,C_6_CA_7,C_6_SAT_7,C_6_SAD1_7,C_6_SAD2_7,https://www.misadressed.com,C_6_PAH_7,41.13381971,C_6_PAP_7,https://www.references.com,2189461646,AdGroup 7,CPN_6_AG_L_7,C_6_KW_7,C_6_NKW_7,CPN_6_AGCA_7,CPN_6_AGSAT_7,CPN_6_AGAD1_7,CPN_6_AGAD2_7,https://www.motivo.com,CPN_6_AGPHA_7,559.3667237,CPN_6_AGPHD_7,https://www.splitter.com,8012776866,CPN_6_RSAH1_7,CPN_6_RSAH2_7,CPN_6_RSAH3_7,CPN_6_RSAD1_7,CPN_6_RSAD2_7,https://www.hariana.com,5196065784,https://www.snathes.com,CPN_6_COABN_7,CPN_6_COAD1_7,221.9718878
Testing_Campaign_6,DND_DONT_MODIFY Testing_Campaign_6,Campaign_6_Label_8,396.7360041,Campaign_6_NKWL_8,C_6_CA_8,C_6_SAT_8,C_6_SAD1_8,C_6_SAD2_8,https://www.abroma.com,C_6_PAH_8,99.12040664,C_6_PAP_8,https://www.unpropitiable.com,4914775359,AdGroup 8,CPN_6_AG_L_8,C_6_KW_8,C_6_NKW_8,CPN_6_AGCA_8,CPN_6_AGSAT_8,CPN_6_AGAD1_8,CPN_6_AGAD2_8,https://www.aphorising.com,CPN_6_AGPHA_8,310.2903112,CPN_6_AGPHD_8,https://www.increaser.com,5608279036,CPN_6_RSAH1_8,CPN_6_RSAH2_8,CPN_6_RSAH3_8,CPN_6_RSAD1_8,CPN_6_RSAD2_8,https://www.literation.com,1214516726,https://www.mammering.com,CPN_6_COABN_8,CPN_6_COAD1_8,717.1252899
Testing_Campaign_6,DND_DONT_MODIFY Testing_Campaign_6,Campaign_6_Label_9,396.7360041,Campaign_6_NKWL_9,C_6_CA_9,C_6_SAT_9,C_6_SAD1_9,C_6_SAD2_9,https://www.defies.com,C_6_PAH_9,21.48942293,C_6_PAP_9,https://www.imbrangling.com,2793214008,AdGroup 9,CPN_6_AG_L_9,C_6_KW_9,C_6_NKW_9,CPN_6_AGCA_9,CPN_6_AGSAT_9,CPN_6_AGAD1_9,CPN_6_AGAD2_9,https://www.foredescribe.com,CPN_6_AGPHA_9,187.3731822,CPN_6_AGPHD_9,https://www.etiquettical.com,7566799122,CPN_6_RSAH1_9,CPN_6_RSAH2_9,CPN_6_RSAH3_9,CPN_6_RSAD1_9,CPN_6_RSAD2_9,https://www.grimsire.com,9216891488,https://www.josephinite.com,CPN_6_COABN_9,CPN_6_COAD1_9,228.1593951
Testing_Campaign_6,DND_DONT_MODIFY Testing_Campaign_6,Campaign_6_Label_10,396.7360041,Campaign_6_NKWL_10,C_6_CA_10,C_6_SAT_10,C_6_SAD1_10,C_6_SAD2_10,https://www.oxyanthraquinone.com,C_6_PAH_10,795.9561883,C_6_PAP_10,https://www.aboil.com,2596890885,AdGroup 10,CPN_6_AG_L_10,C_6_KW_10,C_6_NKW_10,CPN_6_AGCA_10,CPN_6_AGSAT_10,CPN_6_AGAD1_10,CPN_6_AGAD2_10,https://www.habenar.com,CPN_6_AGPHA_10,276.8836738,CPN_6_AGPHD_10,https://www.poxes.com,4137875696,CPN_6_RSAH1_10,CPN_6_RSAH2_10,CPN_6_RSAH3_10,CPN_6_RSAD1_10,CPN_6_RSAD2_10,https://www.orchestrina.com,2370401423,https://www.balanism.com,CPN_6_COABN_10,CPN_6_COAD1_10,73.2910245
Testing_Campaign_7,DND_DONT_MODIFY Testing_Campaign_7,Campaign_7_Label_1,11.17301247,Campaign_7_NKWL_1,C_7_CA_1,C_7_SAT_1,C_7_SAD1_1,C_7_SAD2_1,https://www.kerosine.com,C_7_PAH_1,139.9655305,C_7_PAP_1,https://www.caryophyllus.com,6589870049,AdGroup 1,CPN_7_AG_L_1,C_7_KW_1,C_7_NKW_1,CPN_7_AGCA_1,CPN_7_AGSAT_1,CPN_7_AGAD1_1,CPN_7_AGAD2_1,https://www.delead.com,CPN_7_AGPHA_1,261.6352936,CPN_7_AGPHD_1,https://www.rebudgeted.com,6244923324,CPN_7_RSAH1_1,CPN_7_RSAH2_1,CPN_7_RSAH3_1,CPN_7_RSAD1_1,CPN_7_RSAD2_1,https://www.residual.com,2615311510,https://www.theol.com,CPN_7_COABN_1,CPN_7_COAD1_1,23.20407328
Testing_Campaign_7,DND_DONT_MODIFY Testing_Campaign_7,Campaign_7_Label_2,11.17301247,Campaign_7_NKWL_2,C_7_CA_2,C_7_SAT_2,C_7_SAD1_2,C_7_SAD2_2,https://www.triapsidal.com,C_7_PAH_2,458.188997,C_7_PAP_2,https://www.egging.com,4718403835,AdGroup 2,CPN_7_AG_L_2,C_7_KW_2,C_7_NKW_2,CPN_7_AGCA_2,CPN_7_AGSAT_2,CPN_7_AGAD1_2,CPN_7_AGAD2_2,https://www.cornuted.com,CPN_7_AGPHA_2,261.6672502,CPN_7_AGPHD_2,https://www.conductometer.com,3090039582,CPN_7_RSAH1_2,CPN_7_RSAH2_2,CPN_7_RSAH3_2,CPN_7_RSAD1_2,CPN_7_RSAD2_2,https://www.noncovetousness.com,9622757180,https://www.soddiest.com,CPN_7_COABN_2,CPN_7_COAD1_2,381.6332574
Testing_Campaign_7,DND_DONT_MODIFY Testing_Campaign_7,Campaign_7_Label_3,11.17301247,Campaign_7_NKWL_3,C_7_CA_3,C_7_SAT_3,C_7_SAD1_3,C_7_SAD2_3,https://www.middlesail.com,C_7_PAH_3,712.5827705,C_7_PAP_3,https://www.belier.com,2111073629,AdGroup 3,CPN_7_AG_L_3,C_7_KW_3,C_7_NKW_3,CPN_7_AGCA_3,CPN_7_AGSAT_3,CPN_7_AGAD1_3,CPN_7_AGAD2_3,https://www.becket.com,CPN_7_AGPHA_3,109.0374472,CPN_7_AGPHD_3,https://www.ibsenic.com,7413402947,CPN_7_RSAH1_3,CPN_7_RSAH2_3,CPN_7_RSAH3_3,CPN_7_RSAD1_3,CPN_7_RSAD2_3,https://www.partible.com,5261662999,https://www.gloria.com,CPN_7_COABN_3,CPN_7_COAD1_3,349.631348
Testing_Campaign_7,DND_DONT_MODIFY Testing_Campaign_7,Campaign_7_Label_4,11.17301247,Campaign_7_NKWL_4,C_7_CA_4,C_7_SAT_4,C_7_SAD1_4,C_7_SAD2_4,https://www.berryless.com,C_7_PAH_4,109.9689335,C_7_PAP_4,https://www.adumbration.com,7893266928,AdGroup 4,CPN_7_AG_L_4,C_7_KW_4,C_7_NKW_4,CPN_7_AGCA_4,CPN_7_AGSAT_4,CPN_7_AGAD1_4,CPN_7_AGAD2_4,https://www.unbatted.com,CPN_7_AGPHA_4,150.7236509,CPN_7_AGPHD_4,https://www.waistless.com,1699134986,CPN_7_RSAH1_4,CPN_7_RSAH2_4,CPN_7_RSAH3_4,CPN_7_RSAD1_4,CPN_7_RSAD2_4,https://www.podostemaceous.com,8042909223,https://www.darkling.com,CPN_7_COABN_4,CPN_7_COAD1_4,11.83598281
Testing_Campaign_7,DND_DONT_MODIFY Testing_Campaign_7,Campaign_7_Label_5,11.17301247,Campaign_7_NKWL_5,C_7_CA_5,C_7_SAT_5,C_7_SAD1_5,C_7_SAD2_5,https://www.leprid.com,C_7_PAH_5,59.3439118,C_7_PAP_5,https://www.manutagi.com,8846060072,AdGroup 5,CPN_7_AG_L_5,C_7_KW_5,C_7_NKW_5,CPN_7_AGCA_5,CPN_7_AGSAT_5,CPN_7_AGAD1_5,CPN_7_AGAD2_5,https://www.sireless.com,CPN_7_AGPHA_5,238.6210394,CPN_7_AGPHD_5,https://www.ngai.com,2269664954,CPN_7_RSAH1_5,CPN_7_RSAH2_5,CPN_7_RSAH3_5,CPN_7_RSAD1_5,CPN_7_RSAD2_5,https://www.descries.com,5897430592,https://www.trippist.com,CPN_7_COABN_5,CPN_7_COAD1_5,337.1130858
Testing_Campaign_7,DND_DONT_MODIFY Testing_Campaign_7,Campaign_7_Label_6,11.17301247,Campaign_7_NKWL_6,C_7_CA_6,C_7_SAT_6,C_7_SAD1_6,C_7_SAD2_6,https://www.incrementally.com,C_7_PAH_6,523.483861,C_7_PAP_6,https://www.auxillary.com,1955495185,AdGroup 6,CPN_7_AG_L_6,C_7_KW_6,C_7_NKW_6,CPN_7_AGCA_6,CPN_7_AGSAT_6,CPN_7_AGAD1_6,CPN_7_AGAD2_6,https://www.nonrecessive.com,CPN_7_AGPHA_6,438.7999017,CPN_7_AGPHD_6,https://www.fangled.com,9056665111,CPN_7_RSAH1_6,CPN_7_RSAH2_6,CPN_7_RSAH3_6,CPN_7_RSAD1_6,CPN_7_RSAD2_6,https://www.omniparity.com,6346808294,https://www.atmosteal.com,CPN_7_COABN_6,CPN_7_COAD1_6,19.15213247
Testing_Campaign_7,DND_DONT_MODIFY Testing_Campaign_7,Campaign_7_Label_7,11.17301247,Campaign_7_NKWL_7,C_7_CA_7,C_7_SAT_7,C_7_SAD1_7,C_7_SAD2_7,https://www.fillip.com,C_7_PAH_7,28.74553258,C_7_PAP_7,https://www.kintar.com,5028346470,AdGroup 7,CPN_7_AG_L_7,C_7_KW_7,C_7_NKW_7,CPN_7_AGCA_7,CPN_7_AGSAT_7,CPN_7_AGAD1_7,CPN_7_AGAD2_7,https://www.packnesses.com,CPN_7_AGPHA_7,153.5878169,CPN_7_AGPHD_7,https://www.ceilings.com,4519169207,CPN_7_RSAH1_7,CPN_7_RSAH2_7,CPN_7_RSAH3_7,CPN_7_RSAD1_7,CPN_7_RSAD2_7,https://www.scoter.com,6756299500,https://www.sententiously.com,CPN_7_COABN_7,CPN_7_COAD1_7,334.5370025
Testing_Campaign_7,DND_DONT_MODIFY Testing_Campaign_7,Campaign_7_Label_8,11.17301247,Campaign_7_NKWL_8,C_7_CA_8,C_7_SAT_8,C_7_SAD1_8,C_7_SAD2_8,https://www.nonround.com,C_7_PAH_8,26.74972331,C_7_PAP_8,https://www.downloaded.com,6716122859,AdGroup 8,CPN_7_AG_L_8,C_7_KW_8,C_7_NKW_8,CPN_7_AGCA_8,CPN_7_AGSAT_8,CPN_7_AGAD1_8,CPN_7_AGAD2_8,https://www.atmologic.com,CPN_7_AGPHA_8,8.781476429,CPN_7_AGPHD_8,https://www.vitta.com,9412164389,CPN_7_RSAH1_8,CPN_7_RSAH2_8,CPN_7_RSAH3_8,CPN_7_RSAD1_8,CPN_7_RSAD2_8,https://www.cadmiums.com,3541476664,https://www.epigeous.com,CPN_7_COABN_8,CPN_7_COAD1_8,14.35377339
Testing_Campaign_7,DND_DONT_MODIFY Testing_Campaign_7,Campaign_7_Label_9,11.17301247,Campaign_7_NKWL_9,C_7_CA_9,C_7_SAT_9,C_7_SAD1_9,C_7_SAD2_9,https://www.ungot.com,C_7_PAH_9,555.6006396,C_7_PAP_9,https://www.pulmonated.com,7920497807,AdGroup 9,CPN_7_AG_L_9,C_7_KW_9,C_7_NKW_9,CPN_7_AGCA_9,CPN_7_AGSAT_9,CPN_7_AGAD1_9,CPN_7_AGAD2_9,https://www.uncontrastive.com,CPN_7_AGPHA_9,8.385726728,CPN_7_AGPHD_9,https://www.alginic.com,9591142697,CPN_7_RSAH1_9,CPN_7_RSAH2_9,CPN_7_RSAH3_9,CPN_7_RSAD1_9,CPN_7_RSAD2_9,https://www.undemonstrably.com,7195730852,https://www.unmyopic.com,CPN_7_COABN_9,CPN_7_COAD1_9,112.3633163
Testing_Campaign_7,DND_DONT_MODIFY Testing_Campaign_7,Campaign_7_Label_10,11.17301247,Campaign_7_NKWL_10,C_7_CA_10,C_7_SAT_10,C_7_SAD1_10,C_7_SAD2_10,https://www.maneuvering.com,C_7_PAH_10,826.5995652,C_7_PAP_10,https://www.defrosted.com,2375403976,AdGroup 10,CPN_7_AG_L_10,C_7_KW_10,C_7_NKW_10,CPN_7_AGCA_10,CPN_7_AGSAT_10,CPN_7_AGAD1_10,CPN_7_AGAD2_10,https://www.absurds.com,CPN_7_AGPHA_10,151.658829,CPN_7_AGPHD_10,https://www.pseudotetrameral.com,5310340243,CPN_7_RSAH1_10,CPN_7_RSAH2_10,CPN_7_RSAH3_10,CPN_7_RSAD1_10,CPN_7_RSAD2_10,https://www.maidhead.com,7283533890,https://www.calciocarnotite.com,CPN_7_COABN_10,CPN_7_COAD1_10,90.85901838
Testing_Campaign_8,DND_DONT_MODIFY Testing_Campaign_8,Campaign_8_Label_1,51.64066817,Campaign_8_NKWL_1,C_8_CA_1,C_8_SAT_1,C_8_SAD1_1,C_8_SAD2_1,https://www.nonrevocably.com,C_8_PAH_1,3.904891642,C_8_PAP_1,https://www.angustate.com,2392891169,AdGroup 1,CPN_8_AG_L_1,C_8_KW_1,C_8_NKW_1,CPN_8_AGCA_1,CPN_8_AGSAT_1,CPN_8_AGAD1_1,CPN_8_AGAD2_1,https://www.intercortical.com,CPN_8_AGPHA_1,78.3927633,CPN_8_AGPHD_1,https://www.hypoplankton.com,7427599776,CPN_8_RSAH1_1,CPN_8_RSAH2_1,CPN_8_RSAH3_1,CPN_8_RSAD1_1,CPN_8_RSAD2_1,https://www.schrik.com,6012530876,https://www.familiarism.com,CPN_8_COABN_1,CPN_8_COAD1_1,520.9124255
Testing_Campaign_8,DND_DONT_MODIFY Testing_Campaign_8,Campaign_8_Label_2,51.64066817,Campaign_8_NKWL_2,C_8_CA_2,C_8_SAT_2,C_8_SAD1_2,C_8_SAD2_2,https://www.thumbless.com,C_8_PAH_2,209.4983928,C_8_PAP_2,https://www.daer.com,5550412753,AdGroup 2,CPN_8_AG_L_2,C_8_KW_2,C_8_NKW_2,CPN_8_AGCA_2,CPN_8_AGSAT_2,CPN_8_AGAD1_2,CPN_8_AGAD2_2,https://www.hushel.com,CPN_8_AGPHA_2,161.6925172,CPN_8_AGPHD_2,https://www.orles.com,7995922425,CPN_8_RSAH1_2,CPN_8_RSAH2_2,CPN_8_RSAH3_2,CPN_8_RSAD1_2,CPN_8_RSAD2_2,https://www.uniat.com,5307116515,https://www.phasemy.com,CPN_8_COABN_2,CPN_8_COAD1_2,12.32464213
Testing_Campaign_8,DND_DONT_MODIFY Testing_Campaign_8,Campaign_8_Label_3,51.64066817,Campaign_8_NKWL_3,C_8_CA_3,C_8_SAT_3,C_8_SAD1_3,C_8_SAD2_3,https://www.underutilization.com,C_8_PAH_3,213.3778716,C_8_PAP_3,https://www.terpodion.com,7763735083,AdGroup 3,CPN_8_AG_L_3,C_8_KW_3,C_8_NKW_3,CPN_8_AGCA_3,CPN_8_AGSAT_3,CPN_8_AGAD1_3,CPN_8_AGAD2_3,https://www.centrolinead.com,CPN_8_AGPHA_3,190.2395981,CPN_8_AGPHD_3,https://www.unpromiscuousness.com,1943793077,CPN_8_RSAH1_3,CPN_8_RSAH2_3,CPN_8_RSAH3_3,CPN_8_RSAD1_3,CPN_8_RSAD2_3,https://www.varied.com,5166460118,https://www.kuruba.com,CPN_8_COABN_3,CPN_8_COAD1_3,343.6508109
Testing_Campaign_8,DND_DONT_MODIFY Testing_Campaign_8,Campaign_8_Label_4,51.64066817,Campaign_8_NKWL_4,C_8_CA_4,C_8_SAT_4,C_8_SAD1_4,C_8_SAD2_4,https://www.reassuringly.com,C_8_PAH_4,106.0880902,C_8_PAP_4,https://www.pantothenic.com,8144870102,AdGroup 4,CPN_8_AG_L_4,C_8_KW_4,C_8_NKW_4,CPN_8_AGCA_4,CPN_8_AGSAT_4,CPN_8_AGAD1_4,CPN_8_AGAD2_4,https://www.snowfowl.com,CPN_8_AGPHA_4,4.10277691,CPN_8_AGPHD_4,https://www.grece.com,2360277147,CPN_8_RSAH1_4,CPN_8_RSAH2_4,CPN_8_RSAH3_4,CPN_8_RSAD1_4,CPN_8_RSAD2_4,https://www.plasterers.com,9033553746,https://www.abnormalities.com,CPN_8_COABN_4,CPN_8_COAD1_4,544.9789955
Testing_Campaign_8,DND_DONT_MODIFY Testing_Campaign_8,Campaign_8_Label_5,51.64066817,Campaign_8_NKWL_5,C_8_CA_5,C_8_SAT_5,C_8_SAD1_5,C_8_SAD2_5,https://www.mandingo.com,C_8_PAH_5,68.62572001,C_8_PAP_5,https://www.allurers.com,6132926668,AdGroup 5,CPN_8_AG_L_5,C_8_KW_5,C_8_NKW_5,CPN_8_AGCA_5,CPN_8_AGSAT_5,CPN_8_AGAD1_5,CPN_8_AGAD2_5,https://www.beworry.com,CPN_8_AGPHA_5,438.5600111,CPN_8_AGPHD_5,https://www.nonthinking.com,7629362440,CPN_8_RSAH1_5,CPN_8_RSAH2_5,CPN_8_RSAH3_5,CPN_8_RSAD1_5,CPN_8_RSAD2_5,https://www.orinasality.com,5012923442,https://www.preprostatic.com,CPN_8_COABN_5,CPN_8_COAD1_5,106.2139471
Testing_Campaign_8,DND_DONT_MODIFY Testing_Campaign_8,Campaign_8_Label_6,51.64066817,Campaign_8_NKWL_6,C_8_CA_6,C_8_SAT_6,C_8_SAD1_6,C_8_SAD2_6,https://www.jeweler.com,C_8_PAH_6,346.663719,C_8_PAP_6,https://www.bushlet.com,1862058251,AdGroup 6,CPN_8_AG_L_6,C_8_KW_6,C_8_NKW_6,CPN_8_AGCA_6,CPN_8_AGSAT_6,CPN_8_AGAD1_6,CPN_8_AGAD2_6,https://www.misguess.com,CPN_8_AGPHA_6,311.1238006,CPN_8_AGPHD_6,https://www.preplaces.com,8946346314,CPN_8_RSAH1_6,CPN_8_RSAH2_6,CPN_8_RSAH3_6,CPN_8_RSAD1_6,CPN_8_RSAD2_6,https://www.kindergartners.com,5095335012,https://www.archemastry.com,CPN_8_COABN_6,CPN_8_COAD1_6,598.7019148
Testing_Campaign_8,DND_DONT_MODIFY Testing_Campaign_8,Campaign_8_Label_7,51.64066817,Campaign_8_NKWL_7,C_8_CA_7,C_8_SAT_7,C_8_SAD1_7,C_8_SAD2_7,https://www.bimetallism.com,C_8_PAH_7,29.98396451,C_8_PAP_7,https://www.unanxious.com,2408474468,AdGroup 7,CPN_8_AG_L_7,C_8_KW_7,C_8_NKW_7,CPN_8_AGCA_7,CPN_8_AGSAT_7,CPN_8_AGAD1_7,CPN_8_AGAD2_7,https://www.quinones.com,CPN_8_AGPHA_7,51.00727944,CPN_8_AGPHD_7,https://www.molybdenic.com,5134270525,CPN_8_RSAH1_7,CPN_8_RSAH2_7,CPN_8_RSAH3_7,CPN_8_RSAD1_7,CPN_8_RSAD2_7,https://www.wulder.com,1748965078,https://www.essorant.com,CPN_8_COABN_7,CPN_8_COAD1_7,660.227536
Testing_Campaign_8,DND_DONT_MODIFY Testing_Campaign_8,Campaign_8_Label_8,51.64066817,Campaign_8_NKWL_8,C_8_CA_8,C_8_SAT_8,C_8_SAD1_8,C_8_SAD2_8,https://www.shawnee.com,C_8_PAH_8,621.6146307,C_8_PAP_8,https://www.gingering.com,5027748055,AdGroup 8,CPN_8_AG_L_8,C_8_KW_8,C_8_NKW_8,CPN_8_AGCA_8,CPN_8_AGSAT_8,CPN_8_AGAD1_8,CPN_8_AGAD2_8,https://www.synapterous.com,CPN_8_AGPHA_8,195.8166482,CPN_8_AGPHD_8,https://www.spondaic.com,8097554881,CPN_8_RSAH1_8,CPN_8_RSAH2_8,CPN_8_RSAH3_8,CPN_8_RSAD1_8,CPN_8_RSAD2_8,https://www.dispart.com,9049615706,https://www.discontent.com,CPN_8_COABN_8,CPN_8_COAD1_8,34.70573619
Testing_Campaign_8,DND_DONT_MODIFY Testing_Campaign_8,Campaign_8_Label_9,51.64066817,Campaign_8_NKWL_9,C_8_CA_9,C_8_SAT_9,C_8_SAD1_9,C_8_SAD2_9,https://www.transmural.com,C_8_PAH_9,115.355376,C_8_PAP_9,https://www.apicifixed.com,2228908709,AdGroup 9,CPN_8_AG_L_9,C_8_KW_9,C_8_NKW_9,CPN_8_AGCA_9,CPN_8_AGSAT_9,CPN_8_AGAD1_9,CPN_8_AGAD2_9,https://www.unfrozen.com,CPN_8_AGPHA_9,226.1524283,CPN_8_AGPHD_9,https://www.biosis.com,1281224578,CPN_8_RSAH1_9,CPN_8_RSAH2_9,CPN_8_RSAH3_9,CPN_8_RSAD1_9,CPN_8_RSAD2_9,https://www.miminae.com,2172460817,https://www.uncarnate.com,CPN_8_COABN_9,CPN_8_COAD1_9,24.06349501
Testing_Campaign_8,DND_DONT_MODIFY Testing_Campaign_8,Campaign_8_Label_10,51.64066817,Campaign_8_NKWL_10,C_8_CA_10,C_8_SAT_10,C_8_SAD1_10,C_8_SAD2_10,https://www.pantameter.com,C_8_PAH_10,29.37485468,C_8_PAP_10,https://www.sagittiform.com,7985344607,AdGroup 10,CPN_8_AG_L_10,C_8_KW_10,C_8_NKW_10,CPN_8_AGCA_10,CPN_8_AGSAT_10,CPN_8_AGAD1_10,CPN_8_AGAD2_10,https://www.minnesinger.com,CPN_8_AGPHA_10,349.5900144,CPN_8_AGPHD_10,https://www.cedent.com,1564978938,CPN_8_RSAH1_10,CPN_8_RSAH2_10,CPN_8_RSAH3_10,CPN_8_RSAD1_10,CPN_8_RSAD2_10,https://www.haploscope.com,2241351975,https://www.ceboids.com,CPN_8_COABN_10,CPN_8_COAD1_10,76.54691589
Testing_Campaign_9,DND_DONT_MODIFY Testing_Campaign_9,Campaign_9_Label_1,12.79938796,Campaign_9_NKWL_1,C_9_CA_1,C_9_SAT_1,C_9_SAD1_1,C_9_SAD2_1,https://www.numbs.com,C_9_PAH_1,119.6747231,C_9_PAP_1,https://www.kleenebok.com,9364506871,AdGroup 1,CPN_9_AG_L_1,C_9_KW_1,C_9_NKW_1,CPN_9_AGCA_1,CPN_9_AGSAT_1,CPN_9_AGAD1_1,CPN_9_AGAD2_1,https://www.ascabart.com,CPN_9_AGPHA_1,126.7648877,CPN_9_AGPHD_1,https://www.pogonology.com,4655565594,CPN_9_RSAH1_1,CPN_9_RSAH2_1,CPN_9_RSAH3_1,CPN_9_RSAD1_1,CPN_9_RSAD2_1,https://www.rapillo.com,9898488967,https://www.autoanticomplement.com,CPN_9_COABN_1,CPN_9_COAD1_1,22.02605838
Testing_Campaign_9,DND_DONT_MODIFY Testing_Campaign_9,Campaign_9_Label_2,12.79938796,Campaign_9_NKWL_2,C_9_CA_2,C_9_SAT_2,C_9_SAD1_2,C_9_SAD2_2,https://www.punches.com,C_9_PAH_2,106.0568803,C_9_PAP_2,https://www.prepense.com,9872915833,AdGroup 2,CPN_9_AG_L_2,C_9_KW_2,C_9_NKW_2,CPN_9_AGCA_2,CPN_9_AGSAT_2,CPN_9_AGAD1_2,CPN_9_AGAD2_2,https://www.nonconformability.com,CPN_9_AGPHA_2,420.4990725,CPN_9_AGPHD_2,https://www.longa.com,8105615750,CPN_9_RSAH1_2,CPN_9_RSAH2_2,CPN_9_RSAH3_2,CPN_9_RSAD1_2,CPN_9_RSAD2_2,https://www.gynic.com,4943185583,https://www.queans.com,CPN_9_COABN_2,CPN_9_COAD1_2,547.0299653
Testing_Campaign_9,DND_DONT_MODIFY Testing_Campaign_9,Campaign_9_Label_3,12.79938796,Campaign_9_NKWL_3,C_9_CA_3,C_9_SAT_3,C_9_SAD1_3,C_9_SAD2_3,https://www.fatherlike.com,C_9_PAH_3,193.0195382,C_9_PAP_3,https://www.besort.com,4716330166,AdGroup 3,CPN_9_AG_L_3,C_9_KW_3,C_9_NKW_3,CPN_9_AGCA_3,CPN_9_AGSAT_3,CPN_9_AGAD1_3,CPN_9_AGAD2_3,https://www.forcepslike.com,CPN_9_AGPHA_3,695.3270189,CPN_9_AGPHD_3,https://www.fruitages.com,3425268665,CPN_9_RSAH1_3,CPN_9_RSAH2_3,CPN_9_RSAH3_3,CPN_9_RSAD1_3,CPN_9_RSAD2_3,https://www.keratoma.com,1319299301,https://www.containing.com,CPN_9_COABN_3,CPN_9_COAD1_3,206.299254
Testing_Campaign_9,DND_DONT_MODIFY Testing_Campaign_9,Campaign_9_Label_4,12.79938796,Campaign_9_NKWL_4,C_9_CA_4,C_9_SAT_4,C_9_SAD1_4,C_9_SAD2_4,https://www.bluffness.com,C_9_PAH_4,460.3695692,C_9_PAP_4,https://www.wardens.com,4989298013,AdGroup 4,CPN_9_AG_L_4,C_9_KW_4,C_9_NKW_4,CPN_9_AGCA_4,CPN_9_AGSAT_4,CPN_9_AGAD1_4,CPN_9_AGAD2_4,https://www.enneastylos.com,CPN_9_AGPHA_4,82.6243929,CPN_9_AGPHD_4,https://www.rhabdophobia.com,5281254152,CPN_9_RSAH1_4,CPN_9_RSAH2_4,CPN_9_RSAH3_4,CPN_9_RSAD1_4,CPN_9_RSAD2_4,https://www.lb.com,5269394259,https://www.circumstant.com,CPN_9_COABN_4,CPN_9_COAD1_4,35.61233238
Testing_Campaign_9,DND_DONT_MODIFY Testing_Campaign_9,Campaign_9_Label_5,12.79938796,Campaign_9_NKWL_5,C_9_CA_5,C_9_SAT_5,C_9_SAD1_5,C_9_SAD2_5,https://www.polysarcia.com,C_9_PAH_5,77.55958336,C_9_PAP_5,https://www.tripmadam.com,7273867340,AdGroup 5,CPN_9_AG_L_5,C_9_KW_5,C_9_NKW_5,CPN_9_AGCA_5,CPN_9_AGSAT_5,CPN_9_AGAD1_5,CPN_9_AGAD2_5,https://www.wadmaal.com,CPN_9_AGPHA_5,287.0003744,CPN_9_AGPHD_5,https://www.cycloids.com,6394523171,CPN_9_RSAH1_5,CPN_9_RSAH2_5,CPN_9_RSAH3_5,CPN_9_RSAD1_5,CPN_9_RSAD2_5,https://www.whirlblast.com,2405820642,https://www.glaiket.com,CPN_9_COABN_5,CPN_9_COAD1_5,483.2709956
Testing_Campaign_9,DND_DONT_MODIFY Testing_Campaign_9,Campaign_9_Label_6,12.79938796,Campaign_9_NKWL_6,C_9_CA_6,C_9_SAT_6,C_9_SAD1_6,C_9_SAD2_6,https://www.motorcyclist.com,C_9_PAH_6,20.72895017,C_9_PAP_6,https://www.prelawful.com,3101052965,AdGroup 6,CPN_9_AG_L_6,C_9_KW_6,C_9_NKW_6,CPN_9_AGCA_6,CPN_9_AGSAT_6,CPN_9_AGAD1_6,CPN_9_AGAD2_6,https://www.toponymical.com,CPN_9_AGPHA_6,294.8503133,CPN_9_AGPHD_6,https://www.mirepois.com,6179135037,CPN_9_RSAH1_6,CPN_9_RSAH2_6,CPN_9_RSAH3_6,CPN_9_RSAD1_6,CPN_9_RSAD2_6,https://www.oxidability.com,3464337568,https://www.subsulfid.com,CPN_9_COABN_6,CPN_9_COAD1_6,35.38380128
Testing_Campaign_9,DND_DONT_MODIFY Testing_Campaign_9,Campaign_9_Label_7,12.79938796,Campaign_9_NKWL_7,C_9_CA_7,C_9_SAT_7,C_9_SAD1_7,C_9_SAD2_7,https://www.snowproof.com,C_9_PAH_7,280.90461,C_9_PAP_7,https://www.parlays.com,3487397568,AdGroup 7,CPN_9_AG_L_7,C_9_KW_7,C_9_NKW_7,CPN_9_AGCA_7,CPN_9_AGSAT_7,CPN_9_AGAD1_7,CPN_9_AGAD2_7,https://www.verticordious.com,CPN_9_AGPHA_7,140.2156505,CPN_9_AGPHD_7,https://www.tracheochromatic.com,5335516421,CPN_9_RSAH1_7,CPN_9_RSAH2_7,CPN_9_RSAH3_7,CPN_9_RSAD1_7,CPN_9_RSAD2_7,https://www.polecat.com,8828516281,https://www.continuers.com,CPN_9_COABN_7,CPN_9_COAD1_7,62.32284285
Testing_Campaign_9,DND_DONT_MODIFY Testing_Campaign_9,Campaign_9_Label_8,12.79938796,Campaign_9_NKWL_8,C_9_CA_8,C_9_SAT_8,C_9_SAD1_8,C_9_SAD2_8,https://www.catadicrotic.com,C_9_PAH_8,734.2196765,C_9_PAP_8,https://www.twa.com,1596910313,AdGroup 8,CPN_9_AG_L_8,C_9_KW_8,C_9_NKW_8,CPN_9_AGCA_8,CPN_9_AGSAT_8,CPN_9_AGAD1_8,CPN_9_AGAD2_8,https://www.outroars.com,CPN_9_AGPHA_8,31.85695584,CPN_9_AGPHD_8,https://www.hydroxamino.com,4892801594,CPN_9_RSAH1_8,CPN_9_RSAH2_8,CPN_9_RSAH3_8,CPN_9_RSAD1_8,CPN_9_RSAD2_8,https://www.keratocentesis.com,8235065827,https://www.nonnumeric.com,CPN_9_COABN_8,CPN_9_COAD1_8,105.1985108
Testing_Campaign_9,DND_DONT_MODIFY Testing_Campaign_9,Campaign_9_Label_9,12.79938796,Campaign_9_NKWL_9,C_9_CA_9,C_9_SAT_9,C_9_SAD1_9,C_9_SAD2_9,https://www.veiltail.com,C_9_PAH_9,111.1232472,C_9_PAP_9,https://www.ineluctably.com,7762645880,AdGroup 9,CPN_9_AG_L_9,C_9_KW_9,C_9_NKW_9,CPN_9_AGCA_9,CPN_9_AGSAT_9,CPN_9_AGAD1_9,CPN_9_AGAD2_9,https://www.olympieion.com,CPN_9_AGPHA_9,115.1498348,CPN_9_AGPHD_9,https://www.plataleiform.com,9813034719,CPN_9_RSAH1_9,CPN_9_RSAH2_9,CPN_9_RSAH3_9,CPN_9_RSAD1_9,CPN_9_RSAD2_9,https://www.outlord.com,7702159480,https://www.petroliferous.com,CPN_9_COABN_9,CPN_9_COAD1_9,322.6129455
Testing_Campaign_9,DND_DONT_MODIFY Testing_Campaign_9,Campaign_9_Label_10,12.79938796,Campaign_9_NKWL_10,C_9_CA_10,C_9_SAT_10,C_9_SAD1_10,C_9_SAD2_10,https://www.journeymen.com,C_9_PAH_10,128.8458493,C_9_PAP_10,https://www.zebecks.com,2018850960,AdGroup 10,CPN_9_AG_L_10,C_9_KW_10,C_9_NKW_10,CPN_9_AGCA_10,CPN_9_AGSAT_10,CPN_9_AGAD1_10,CPN_9_AGAD2_10,https://www.sandgoby.com,CPN_9_AGPHA_10,513.8882014,CPN_9_AGPHD_10,https://www.gemmingia.com,9727771711,CPN_9_RSAH1_10,CPN_9_RSAH2_10,CPN_9_RSAH3_10,CPN_9_RSAD1_10,CPN_9_RSAD2_10,https://www.mugil.com,6772061784,https://www.gynethusia.com,CPN_9_COABN_10,CPN_9_COAD1_10,53.50495184
Testing_Campaign_10,DND_DONT_MODIFY Testing_Campaign_10,Campaign_10_Label_1,205.7960718,Campaign_10_NKWL_1,C_10_CA_1,C_10_SAT_1,C_10_SAD1_1,C_10_SAD2_1,https://www.mouchardism.com,C_10_PAH_1,280.7955981,C_10_PAP_1,https://www.thyroprivic.com,3670288111,AdGroup 1,CPN_10_AG_L_1,C_10_KW_1,C_10_NKW_1,CPN_10_AGCA_1,CPN_10_AGSAT_1,CPN_10_AGAD1_1,CPN_10_AGAD2_1,https://www.hyperenthusiastically.com,CPN_10_AGPHA_1,78.18273892,CPN_10_AGPHD_1,https://www.moneymake.com,3487298056,CPN_10_RSAH1_1,CPN_10_RSAH2_1,CPN_10_RSAH3_1,CPN_10_RSAD1_1,CPN_10_RSAD2_1,https://www.cyclostomatidae.com,1400471300,https://www.anticous.com,CPN_10_COABN_1,CPN_10_COAD1_1,690.8720092
Testing_Campaign_10,DND_DONT_MODIFY Testing_Campaign_10,Campaign_10_Label_2,205.7960718,Campaign_10_NKWL_2,C_10_CA_2,C_10_SAT_2,C_10_SAD1_2,C_10_SAD2_2,https://www.ecuadoran.com,C_10_PAH_2,193.5342993,C_10_PAP_2,https://www.shegets.com,5719255265,AdGroup 2,CPN_10_AG_L_2,C_10_KW_2,C_10_NKW_2,CPN_10_AGCA_2,CPN_10_AGSAT_2,CPN_10_AGAD1_2,CPN_10_AGAD2_2,https://www.viage.com,CPN_10_AGPHA_2,183.7450578,CPN_10_AGPHD_2,https://www.oxycalcium.com,7719708496,CPN_10_RSAH1_2,CPN_10_RSAH2_2,CPN_10_RSAH3_2,CPN_10_RSAD1_2,CPN_10_RSAD2_2,https://www.monergic.com,4212880410,https://www.comicotragical.com,CPN_10_COABN_2,CPN_10_COAD1_2,165.707908
Testing_Campaign_10,DND_DONT_MODIFY Testing_Campaign_10,Campaign_10_Label_3,205.7960718,Campaign_10_NKWL_3,C_10_CA_3,C_10_SAT_3,C_10_SAD1_3,C_10_SAD2_3,https://www.chevronelly.com,C_10_PAH_3,433.5994636,C_10_PAP_3,https://www.millard.com,7019895581,AdGroup 3,CPN_10_AG_L_3,C_10_KW_3,C_10_NKW_3,CPN_10_AGCA_3,CPN_10_AGSAT_3,CPN_10_AGAD1_3,CPN_10_AGAD2_3,https://www.blockheadism.com,CPN_10_AGPHA_3,186.0876722,CPN_10_AGPHD_3,https://www.inconsummate.com,2813384483,CPN_10_RSAH1_3,CPN_10_RSAH2_3,CPN_10_RSAH3_3,CPN_10_RSAD1_3,CPN_10_RSAD2_3,https://www.hexahemeron.com,4676871620,https://www.unfinished.com,CPN_10_COABN_3,CPN_10_COAD1_3,473.8187008
Testing_Campaign_10,DND_DONT_MODIFY Testing_Campaign_10,Campaign_10_Label_4,205.7960718,Campaign_10_NKWL_4,C_10_CA_4,C_10_SAT_4,C_10_SAD1_4,C_10_SAD2_4,https://www.vespid.com,C_10_PAH_4,294.9066,C_10_PAP_4,https://www.attains.com,6440539444,AdGroup 4,CPN_10_AG_L_4,C_10_KW_4,C_10_NKW_4,CPN_10_AGCA_4,CPN_10_AGSAT_4,CPN_10_AGAD1_4,CPN_10_AGAD2_4,https://www.rodd.com,CPN_10_AGPHA_4,356.5212123,CPN_10_AGPHD_4,https://www.pyrocomenic.com,5396651288,CPN_10_RSAH1_4,CPN_10_RSAH2_4,CPN_10_RSAH3_4,CPN_10_RSAD1_4,CPN_10_RSAD2_4,https://www.empetrum.com,9435906522,https://www.drumsler.com,CPN_10_COABN_4,CPN_10_COAD1_4,125.7711626
Testing_Campaign_10,DND_DONT_MODIFY Testing_Campaign_10,Campaign_10_Label_5,205.7960718,Campaign_10_NKWL_5,C_10_CA_5,C_10_SAT_5,C_10_SAD1_5,C_10_SAD2_5,https://www.sexennial.com,C_10_PAH_5,134.0367653,C_10_PAP_5,https://www.repealing.com,5953162514,AdGroup 5,CPN_10_AG_L_5,C_10_KW_5,C_10_NKW_5,CPN_10_AGCA_5,CPN_10_AGSAT_5,CPN_10_AGAD1_5,CPN_10_AGAD2_5,https://www.deemie.com,CPN_10_AGPHA_5,113.9323316,CPN_10_AGPHD_5,https://www.repositor.com,3466815861,CPN_10_RSAH1_5,CPN_10_RSAH2_5,CPN_10_RSAH3_5,CPN_10_RSAD1_5,CPN_10_RSAD2_5,https://www.deviability.com,7655834771,https://www.pendulation.com,CPN_10_COABN_5,CPN_10_COAD1_5,425.0669309
Testing_Campaign_10,DND_DONT_MODIFY Testing_Campaign_10,Campaign_10_Label_6,205.7960718,Campaign_10_NKWL_6,C_10_CA_6,C_10_SAT_6,C_10_SAD1_6,C_10_SAD2_6,https://www.apothems.com,C_10_PAH_6,204.110299,C_10_PAP_6,https://www.papegay.com,5478457575,AdGroup 6,CPN_10_AG_L_6,C_10_KW_6,C_10_NKW_6,CPN_10_AGCA_6,CPN_10_AGSAT_6,CPN_10_AGAD1_6,CPN_10_AGAD2_6,https://www.atreptic.com,CPN_10_AGPHA_6,151.2044284,CPN_10_AGPHD_6,https://www.overinclining.com,1817631408,CPN_10_RSAH1_6,CPN_10_RSAH2_6,CPN_10_RSAH3_6,CPN_10_RSAD1_6,CPN_10_RSAD2_6,https://www.stegocephalian.com,9526436777,https://www.olivil.com,CPN_10_COABN_6,CPN_10_COAD1_6,125.101852
Testing_Campaign_10,DND_DONT_MODIFY Testing_Campaign_10,Campaign_10_Label_7,205.7960718,Campaign_10_NKWL_7,C_10_CA_7,C_10_SAT_7,C_10_SAD1_7,C_10_SAD2_7,https://www.stainierite.com,C_10_PAH_7,250.4046957,C_10_PAP_7,https://www.disaccredit.com,8991786469,AdGroup 7,CPN_10_AG_L_7,C_10_KW_7,C_10_NKW_7,CPN_10_AGCA_7,CPN_10_AGSAT_7,CPN_10_AGAD1_7,CPN_10_AGAD2_7,https://www.teloteropathically.com,CPN_10_AGPHA_7,20.70614462,CPN_10_AGPHD_7,https://www.pollists.com,6806094642,CPN_10_RSAH1_7,CPN_10_RSAH2_7,CPN_10_RSAH3_7,CPN_10_RSAD1_7,CPN_10_RSAD2_7,https://www.unarithmetically.com,3880783436,https://www.aeromarine.com,CPN_10_COABN_7,CPN_10_COAD1_7,322.591473
Testing_Campaign_10,DND_DONT_MODIFY Testing_Campaign_10,Campaign_10_Label_8,205.7960718,Campaign_10_NKWL_8,C_10_CA_8,C_10_SAT_8,C_10_SAD1_8,C_10_SAD2_8,https://www.decompresses.com,C_10_PAH_8,379.1063037,C_10_PAP_8,https://www.sesquihydrate.com,3343347218,AdGroup 8,CPN_10_AG_L_8,C_10_KW_8,C_10_NKW_8,CPN_10_AGCA_8,CPN_10_AGSAT_8,CPN_10_AGAD1_8,CPN_10_AGAD2_8,https://www.voters.com,CPN_10_AGPHA_8,320.3759222,CPN_10_AGPHD_8,https://www.envelopment.com,4600631548,CPN_10_RSAH1_8,CPN_10_RSAH2_8,CPN_10_RSAH3_8,CPN_10_RSAD1_8,CPN_10_RSAD2_8,https://www.disgruntling.com,7435739746,https://www.hydroclastic.com,CPN_10_COABN_8,CPN_10_COAD1_8,11.15179835
Testing_Campaign_10,DND_DONT_MODIFY Testing_Campaign_10,Campaign_10_Label_9,205.7960718,Campaign_10_NKWL_9,C_10_CA_9,C_10_SAT_9,C_10_SAD1_9,C_10_SAD2_9,https://www.gombeen.com,C_10_PAH_9,363.805782,C_10_PAP_9,https://www.yeather.com,2015546020,AdGroup 9,CPN_10_AG_L_9,C_10_KW_9,C_10_NKW_9,CPN_10_AGCA_9,CPN_10_AGSAT_9,CPN_10_AGAD1_9,CPN_10_AGAD2_9,https://www.pithecomorphic.com,CPN_10_AGPHA_9,130.6425155,CPN_10_AGPHD_9,https://www.fingermark.com,4149314647,CPN_10_RSAH1_9,CPN_10_RSAH2_9,CPN_10_RSAH3_9,CPN_10_RSAD1_9,CPN_10_RSAD2_9,https://www.calcigenous.com,8612234206,https://www.burriest.com,CPN_10_COABN_9,CPN_10_COAD1_9,78.39532909
Testing_Campaign_10,DND_DONT_MODIFY Testing_Campaign_10,Campaign_10_Label_10,205.7960718,Campaign_10_NKWL_10,C_10_CA_10,C_10_SAT_10,C_10_SAD1_10,C_10_SAD2_10,https://www.archplagiarist.com,C_10_PAH_10,28.51055924,C_10_PAP_10,https://www.chortler.com,2735188198,AdGroup 10,CPN_10_AG_L_10,C_10_KW_10,C_10_NKW_10,CPN_10_AGCA_10,CPN_10_AGSAT_10,CPN_10_AGAD1_10,CPN_10_AGAD2_10,https://www.edelweiss.com,CPN_10_AGPHA_10,91.5182365,CPN_10_AGPHD_10,https://www.auxetically.com,2330140261,CPN_10_RSAH1_10,CPN_10_RSAH2_10,CPN_10_RSAH3_10,CPN_10_RSAD1_10,CPN_10_RSAD2_10,https://www.committitur.com,4889281894,https://www.tarlatans.com,CPN_10_COABN_10,CPN_10_COAD1_10,87.2766882
